MARCA;MODELO;CLASE;ASIENTOS;USO
ALFA ROMEO;145;AUTOMÓVIL;5;PARTICULAR, TAXI, COMERCIAL
ALFA ROMEO;146;AUTOMÓVIL;5;PARTICULAR, TAXI, COMERCIAL
ALFA ROMEO;156;AUTOMÓVIL;5;PARTICULAR, TAXI, COMERCIAL
ALFA ROMEO;159;AUTOMÓVIL;5;PARTICULAR, TAXI, COMERCIAL
ALFA ROMEO;164;AUTOMÓVIL;5;PARTICULAR, TAXI, COMERCIAL
ALFA ROMEO;166;AUTOMÓVIL;5;PARTICULAR, TAXI, COMERCIAL
ALFA ROMEO;GIULIA;AUTOMÓVIL;5;PARTICULAR, TAXI, COMERCIAL
ALFA ROMEO;GIULIETTA;AUTOMÓVIL;5;PARTICULAR, TAXI, COMERCIAL
ALFA ROMEO;MITO;AUTOMÓVIL;5;PARTICULAR, TAXI, COMERCIAL
ALFA ROMEO;147;AUTOMÓVIL;5;PARTICULAR, TAXI, COMERCIAL
ALFA ROMEO;BRERA;AUTOMÓVIL;5;PARTICULAR, TAXI, COMERCIAL
ALFA ROMEO;GT;AUTOMÓVIL;5;PARTICULAR, TAXI, COMERCIAL
ASTON MARTIN;DB7;AUTOMÓVIL;5;PARTICULAR, TAXI, COMERCIAL
ASTON MARTIN;DB9;AUTOMÓVIL;5;PARTICULAR, TAXI, COMERCIAL
ASTON MARTIN;DB11;AUTOMÓVIL;5;PARTICULAR, TAXI, COMERCIAL
ASTON MARTIN;V8 VANTAGE;AUTOMÓVIL;5;PARTICULAR, TAXI, COMERCIAL
ASTON MARTIN;VANTAGE;AUTOMÓVIL;5;PARTICULAR, TAXI, COMERCIAL
ASTON MARTIN;VANQUISH;AUTOMÓVIL;5;PARTICULAR, TAXI, COMERCIAL
ASTON MARTIN;VIRAGE;AUTOMÓVIL;5;PARTICULAR, TAXI, COMERCIAL
AUDI;80;AUTOMÓVIL;5;PARTICULAR, TAXI, COMERCIAL
AUDI;90;AUTOMÓVIL;5;PARTICULAR, TAXI, COMERCIAL
AUDI;100;AUTOMÓVIL;5;PARTICULAR, TAXI, COMERCIAL
AUDI;A3;AUTOMÓVIL;5;PARTICULAR, TAXI, COMERCIAL
AUDI;A4;AUTOMÓVIL;5;PARTICULAR, TAXI, COMERCIAL
AUDI;A5;AUTOMÓVIL;5;PARTICULAR, TAXI, COMERCIAL
AUDI;A6;AUTOMÓVIL;5;PARTICULAR, TAXI, COMERCIAL
AUDI;A7;AUTOMÓVIL;5;PARTICULAR, TAXI, COMERCIAL
AUDI;A8;AUTOMÓVIL;5;PARTICULAR, TAXI, COMERCIAL
AUDI;R8;AUTOMÓVIL;5;PARTICULAR, TAXI, COMERCIAL
AUDI;RS3;AUTOMÓVIL;5;PARTICULAR, TAXI, COMERCIAL
AUDI;RS4;AUTOMÓVIL;5;PARTICULAR, TAXI, COMERCIAL
AUDI;RS5;AUTOMÓVIL;5;PARTICULAR, TAXI, COMERCIAL
AUDI;RS6;AUTOMÓVIL;5;PARTICULAR, TAXI, COMERCIAL
AUDI;S3;AUTOMÓVIL;5;PARTICULAR, TAXI, COMERCIAL
AUDI;S4;AUTOMÓVIL;5;PARTICULAR, TAXI, COMERCIAL
AUDI;S5;AUTOMÓVIL;5;PARTICULAR, TAXI, COMERCIAL
AUDI;TT;AUTOMÓVIL;5;PARTICULAR, TAXI, COMERCIAL
AUDI;Q2;AUTOMÓVIL;5;PARTICULAR, TAXI, COMERCIAL
AUDI;Q3;AUTOMÓVIL;5;PARTICULAR, TAXI, COMERCIAL
AUDI;Q5;AUTOMÓVIL;5;PARTICULAR, TAXI, COMERCIAL
AUDI;Q7;AUTOMÓVIL;5;PARTICULAR, TAXI, COMERCIAL
AUDI;Q8;AUTOMÓVIL;5;PARTICULAR, TAXI, COMERCIAL
AUDI;E-TRON;AUTOMÓVIL;5;PARTICULAR, TAXI, COMERCIAL
AUDI;E-TRON GT;AUTOMÓVIL;5;PARTICULAR, TAXI, COMERCIAL
AUSTIN;MINI;AUTOMÓVIL;5;PARTICULAR, TAXI, COMERCIAL
AUSTIN;MINI COOPER;AUTOMÓVIL;5;PARTICULAR, TAXI, COMERCIAL
AUSTIN;ALLEGRO;AUTOMÓVIL;5;PARTICULAR, TAXI, COMERCIAL
AUSTIN;HEALY;AUTOMÓVIL;5;PARTICULAR, TAXI, COMERCIAL
BAIC;D20;AUTOMÓVIL;5;PARTICULAR, TAXI, COMERCIAL
BAIC;UP;AUTOMÓVIL;5;PARTICULAR, TAXI, COMERCIAL
BAIC;EU5;AUTOMÓVIL;5;PARTICULAR, TAXI, COMERCIAL
BAIC;X25;AUTOMÓVIL;5;PARTICULAR, TAXI, COMERCIAL
BAIC;X35;AUTOMÓVIL;5;PARTICULAR, TAXI, COMERCIAL
BAIC;BJ20;AUTOMÓVIL;5;PARTICULAR, TAXI, COMERCIAL
BAIC;BJ40;AUTOMÓVIL;5;PARTICULAR, TAXI, COMERCIAL
BAIC;X55;AUTOMÓVIL;5;PARTICULAR, TAXI, COMERCIAL
BMW;1 SERIES;AUTOMÓVIL;5;PARTICULAR, TAXI, COMERCIAL
BMW;114I;AUTOMÓVIL;5;PARTICULAR, TAXI, COMERCIAL
BMW;116I;AUTOMÓVIL;5;PARTICULAR, TAXI, COMERCIAL
BMW;118I;AUTOMÓVIL;5;PARTICULAR, TAXI, COMERCIAL
BMW;120I;AUTOMÓVIL;5;PARTICULAR, TAXI, COMERCIAL
BMW;128I;AUTOMÓVIL;5;PARTICULAR, TAXI, COMERCIAL
BMW;130I;AUTOMÓVIL;5;PARTICULAR, TAXI, COMERCIAL
BMW;135I;AUTOMÓVIL;5;PARTICULAR, TAXI, COMERCIAL
BMW;2 SERIES;AUTOMÓVIL;5;PARTICULAR, TAXI, COMERCIAL
BMW;218I;AUTOMÓVIL;5;PARTICULAR, TAXI, COMERCIAL
BMW;220I;AUTOMÓVIL;5;PARTICULAR, TAXI, COMERCIAL
BMW;228I;AUTOMÓVIL;5;PARTICULAR, TAXI, COMERCIAL
BMW;3 SERIES;AUTOMÓVIL;5;PARTICULAR, TAXI, COMERCIAL
BMW;323I;AUTOMÓVIL;5;PARTICULAR, TAXI, COMERCIAL
BMW;325I;AUTOMÓVIL;5;PARTICULAR, TAXI, COMERCIAL
BMW;328I;AUTOMÓVIL;5;PARTICULAR, TAXI, COMERCIAL
BMW;330I;AUTOMÓVIL;5;PARTICULAR, TAXI, COMERCIAL
BMW;335I;AUTOMÓVIL;5;PARTICULAR, TAXI, COMERCIAL
BMW;4 SERIES;AUTOMÓVIL;5;PARTICULAR, TAXI, COMERCIAL
BMW;428I;AUTOMÓVIL;5;PARTICULAR, TAXI, COMERCIAL
BMW;430I;AUTOMÓVIL;5;PARTICULAR, TAXI, COMERCIAL
BMW;435I;AUTOMÓVIL;5;PARTICULAR, TAXI, COMERCIAL
BMW;440I;AUTOMÓVIL;5;PARTICULAR, TAXI, COMERCIAL
BMW;5 SERIES;AUTOMÓVIL;5;PARTICULAR, TAXI, COMERCIAL
BMW;520I;AUTOMÓVIL;5;PARTICULAR, TAXI, COMERCIAL
BMW;525I;AUTOMÓVIL;5;PARTICULAR, TAXI, COMERCIAL
BMW;530I;AUTOMÓVIL;5;PARTICULAR, TAXI, COMERCIAL
BMW;535I;AUTOMÓVIL;5;PARTICULAR, TAXI, COMERCIAL
BMW;6 SERIES;AUTOMÓVIL;5;PARTICULAR, TAXI, COMERCIAL
BMW;630I;AUTOMÓVIL;5;PARTICULAR, TAXI, COMERCIAL
BMW;640I;AUTOMÓVIL;5;PARTICULAR, TAXI, COMERCIAL
BMW;7 SERIES;AUTOMÓVIL;5;PARTICULAR, TAXI, COMERCIAL
BMW;740I;AUTOMÓVIL;5;PARTICULAR, TAXI, COMERCIAL
BMW;750I;AUTOMÓVIL;5;PARTICULAR, TAXI, COMERCIAL
BMW;M2;AUTOMÓVIL;5;PARTICULAR, TAXI, COMERCIAL
BMW;M3;AUTOMÓVIL;5;PARTICULAR, TAXI, COMERCIAL
BMW;M4;AUTOMÓVIL;5;PARTICULAR, TAXI, COMERCIAL
BMW;M5;AUTOMÓVIL;5;PARTICULAR, TAXI, COMERCIAL
BMW;M140I;AUTOMÓVIL;5;PARTICULAR, TAXI, COMERCIAL
BMW;X1;AUTOMÓVIL;5;PARTICULAR, TAXI, COMERCIAL
BMW;X2;AUTOMÓVIL;5;PARTICULAR, TAXI, COMERCIAL
BMW;X3;AUTOMÓVIL;5;PARTICULAR, TAXI, COMERCIAL
BMW;X4;AUTOMÓVIL;5;PARTICULAR, TAXI, COMERCIAL
BMW;X5;AUTOMÓVIL;5;PARTICULAR, TAXI, COMERCIAL
BMW;X6;AUTOMÓVIL;5;PARTICULAR, TAXI, COMERCIAL
BMW;X7;AUTOMÓVIL;5;PARTICULAR, TAXI, COMERCIAL
BMW;Z3;AUTOMÓVIL;5;PARTICULAR, TAXI, COMERCIAL
BMW;Z4;AUTOMÓVIL;5;PARTICULAR, TAXI, COMERCIAL
BMW;I3;AUTOMÓVIL;5;PARTICULAR, TAXI, COMERCIAL
BMW;I4;AUTOMÓVIL;5;PARTICULAR, TAXI, COMERCIAL
BMW;IX;AUTOMÓVIL;5;PARTICULAR, TAXI, COMERCIAL
BMW;IX3;AUTOMÓVIL;5;PARTICULAR, TAXI, COMERCIAL
BRILLIANCE;H220;AUTOMÓVIL;5;PARTICULAR, TAXI, COMERCIAL
BRILLIANCE;H230;AUTOMÓVIL;5;PARTICULAR, TAXI, COMERCIAL
BRILLIANCE;V3;AUTOMÓVIL;5;PARTICULAR, TAXI, COMERCIAL
BRILLIANCE;V5;AUTOMÓVIL;5;PARTICULAR, TAXI, COMERCIAL
BYD;F3;AUTOMÓVIL;5;PARTICULAR, TAXI, COMERCIAL
BYD;F0;AUTOMÓVIL;5;PARTICULAR, TAXI, COMERCIAL
BYD;S6;AUTOMÓVIL;5;PARTICULAR, TAXI, COMERCIAL
BYD;YUAN;AUTOMÓVIL;5;PARTICULAR, TAXI, COMERCIAL
BYD;SONG;AUTOMÓVIL;5;PARTICULAR, TAXI, COMERCIAL
BYD;DOLPHIN;AUTOMÓVIL;5;PARTICULAR, TAXI, COMERCIAL
BYD;HAN;AUTOMÓVIL;5;PARTICULAR, TAXI, COMERCIAL
BYD;TANG;AUTOMÓVIL;5;PARTICULAR, TAXI, COMERCIAL
BYD;SEAL;AUTOMÓVIL;5;PARTICULAR, TAXI, COMERCIAL
BYD;ATTO 3;AUTOMÓVIL;5;PARTICULAR, TAXI, COMERCIAL
CHANGAN;ALSVIN;AUTOMÓVIL;5;PARTICULAR, TAXI, COMERCIAL
CHANGAN;EADO;AUTOMÓVIL;5;PARTICULAR, TAXI, COMERCIAL
CHANGAN;CS15;AUTOMÓVIL;5;PARTICULAR, TAXI, COMERCIAL
CHANGAN;CS35;AUTOMÓVIL;5;PARTICULAR, TAXI, COMERCIAL
CHANGAN;CS55;AUTOMÓVIL;5;PARTICULAR, TAXI, COMERCIAL
CHANGAN;CS75;AUTOMÓVIL;5;PARTICULAR, TAXI, COMERCIAL
CHANGAN;CS85;AUTOMÓVIL;5;PARTICULAR, TAXI, COMERCIAL
CHANGAN;CS95;AUTOMÓVIL;5;PARTICULAR, TAXI, COMERCIAL
CHANGAN;CX70;AUTOMÓVIL;5;PARTICULAR, TAXI, COMERCIAL
CHANGAN;HUNTER;AUTOMÓVIL;5;PARTICULAR, TAXI, COMERCIAL
CHANGAN;TAURUS;AUTOMÓVIL;5;PARTICULAR, TAXI, COMERCIAL
CHERY;QQ;AUTOMÓVIL;5;PARTICULAR, TAXI, COMERCIAL
CHERY;FULWIN;AUTOMÓVIL;5;PARTICULAR, TAXI, COMERCIAL
CHERY;FACE;AUTOMÓVIL;5;PARTICULAR, TAXI, COMERCIAL
CHERY;BEAT;AUTOMÓVIL;5;PARTICULAR, TAXI, COMERCIAL
CHERY;ARRIZO 3;AUTOMÓVIL;5;PARTICULAR, TAXI, COMERCIAL
CHERY;ARRIZO 5;AUTOMÓVIL;5;PARTICULAR, TAXI, COMERCIAL
CHERY;ARRIZO 6;AUTOMÓVIL;5;PARTICULAR, TAXI, COMERCIAL
CHERY;TIGGO;AUTOMÓVIL;5;PARTICULAR, TAXI, COMERCIAL
CHERY;TIGGO 2;AUTOMÓVIL;5;PARTICULAR, TAXI, COMERCIAL
CHERY;TIGGO 3;AUTOMÓVIL;5;PARTICULAR, TAXI, COMERCIAL
CHERY;TIGGO 4;AUTOMÓVIL;5;PARTICULAR, TAXI, COMERCIAL
CHERY;TIGGO 5;AUTOMÓVIL;5;PARTICULAR, TAXI, COMERCIAL
CHERY;TIGGO 7;AUTOMÓVIL;5;PARTICULAR, TAXI, COMERCIAL
CHERY;TIGGO 8;AUTOMÓVIL;5;PARTICULAR, TAXI, COMERCIAL
CHERY;K60;AUTOMÓVIL;5;PARTICULAR, TAXI, COMERCIAL
CHEVROLET;ASTRA;AUTOMÓVIL;5;PARTICULAR, TAXI, COMERCIAL
CHEVROLET;AVEO;AUTOMÓVIL;5;PARTICULAR, TAXI, COMERCIAL
CHEVROLET;BEAT;AUTOMÓVIL;5;PARTICULAR, TAXI, COMERCIAL
CHEVROLET;BLAZER;AUTOMÓVIL;5;PARTICULAR, TAXI, COMERCIAL
CHEVROLET;CAMARO;AUTOMÓVIL;5;PARTICULAR, TAXI, COMERCIAL
CHEVROLET;CAVALIER;AUTOMÓVIL;5;PARTICULAR, TAXI, COMERCIAL
CHEVROLET;CELTA;AUTOMÓVIL;5;PARTICULAR, TAXI, COMERCIAL
CHEVROLET;CORSA;AUTOMÓVIL;5;PARTICULAR, TAXI, COMERCIAL
CHEVROLET;CORSA WIND;AUTOMÓVIL;5;PARTICULAR, TAXI, COMERCIAL
CHEVROLET;CRUZE;AUTOMÓVIL;5;PARTICULAR, TAXI, COMERCIAL
CHEVROLET;EQUINOX;AUTOMÓVIL;5;PARTICULAR, TAXI, COMERCIAL
CHEVROLET;IMPALA;AUTOMÓVIL;5;PARTICULAR, TAXI, COMERCIAL
CHEVROLET;MALIBU;AUTOMÓVIL;5;PARTICULAR, TAXI, COMERCIAL
CHEVROLET;MERIVA;AUTOMÓVIL;5;PARTICULAR, TAXI, COMERCIAL
CHEVROLET;MONTE CARLO;AUTOMÓVIL;5;PARTICULAR, TAXI, COMERCIAL
CHEVROLET;ONIX;AUTOMÓVIL;5;PARTICULAR, TAXI, COMERCIAL
CHEVROLET;PRISMA;AUTOMÓVIL;5;PARTICULAR, TAXI, COMERCIAL
CHEVROLET;SAIL;AUTOMÓVIL;5;PARTICULAR, TAXI, COMERCIAL
CHEVROLET;SONIC;AUTOMÓVIL;5;PARTICULAR, TAXI, COMERCIAL
CHEVROLET;SPARK;AUTOMÓVIL;5;PARTICULAR, TAXI, COMERCIAL
CHEVROLET;SPARK LITE;AUTOMÓVIL;5;PARTICULAR, TAXI, COMERCIAL
CHEVROLET;SPIN;AUTOMÓVIL;5;PARTICULAR, TAXI, COMERCIAL
CHEVROLET;TRACKER;AUTOMÓVIL;5;PARTICULAR, TAXI, COMERCIAL
CHEVROLET;TRAILBLAZER;AUTOMÓVIL;5;PARTICULAR, TAXI, COMERCIAL
CHEVROLET;TRAX;AUTOMÓVIL;5;PARTICULAR, TAXI, COMERCIAL
CHEVROLET;UPLANDER;AUTOMÓVIL;5;PARTICULAR, TAXI, COMERCIAL
CHEVROLET;VENTURE;AUTOMÓVIL;5;PARTICULAR, TAXI, COMERCIAL
CHEVROLET;ZAFIRA;AUTOMÓVIL;5;PARTICULAR, TAXI, COMERCIAL
CHEVROLET;SUBURBAN;AUTOMÓVIL;5;PARTICULAR, TAXI, COMERCIAL
CHEVROLET;TAHOE;AUTOMÓVIL;5;PARTICULAR, TAXI, COMERCIAL
CHEVROLET;CAPTIVA;AUTOMÓVIL;5;PARTICULAR, TAXI, COMERCIAL
CHEVROLET;HHR;AUTOMÓVIL;5;PARTICULAR, TAXI, COMERCIAL
CHEVROLET;LUMINA;AUTOMÓVIL;5;PARTICULAR, TAXI, COMERCIAL
CHRYSLER;300;AUTOMÓVIL;5;PARTICULAR, TAXI, COMERCIAL
CHRYSLER;CARAVAN;AUTOMÓVIL;5;PARTICULAR, TAXI, COMERCIAL
CHRYSLER;PACIFICA;AUTOMÓVIL;5;PARTICULAR, TAXI, COMERCIAL
CHRYSLER;PT CRUISER;AUTOMÓVIL;5;PARTICULAR, TAXI, COMERCIAL
CHRYSLER;TOWN & COUNTRY;AUTOMÓVIL;5;PARTICULAR, TAXI, COMERCIAL
CHRYSLER;VOYAGER;AUTOMÓVIL;5;PARTICULAR, TAXI, COMERCIAL
CHRYSLER;NEON;AUTOMÓVIL;5;PARTICULAR, TAXI, COMERCIAL
CITROEN;C3;AUTOMÓVIL;5;PARTICULAR, TAXI, COMERCIAL
CITROEN;C4;AUTOMÓVIL;5;PARTICULAR, TAXI, COMERCIAL
CITROEN;C4 CACTUS;AUTOMÓVIL;5;PARTICULAR, TAXI, COMERCIAL
CITROEN;C5;AUTOMÓVIL;5;PARTICULAR, TAXI, COMERCIAL
CITROEN;DS3;AUTOMÓVIL;5;PARTICULAR, TAXI, COMERCIAL
CITROEN;DS4;AUTOMÓVIL;5;PARTICULAR, TAXI, COMERCIAL
CITROEN;DS5;AUTOMÓVIL;5;PARTICULAR, TAXI, COMERCIAL
CITROEN;XSARA;AUTOMÓVIL;5;PARTICULAR, TAXI, COMERCIAL
CITROEN;AIRCROSS;AUTOMÓVIL;5;PARTICULAR, TAXI, COMERCIAL
CITROEN;BERLINGO;AUTOMÓVIL;5;PARTICULAR, TAXI, COMERCIAL
CITROEN;NOUVELLE;AUTOMÓVIL;5;PARTICULAR, TAXI, COMERCIAL
CITROEN;C-ELYSEE;AUTOMÓVIL;5;PARTICULAR, TAXI, COMERCIAL
DAEWOO;CIELO;AUTOMÓVIL;5;PARTICULAR, TAXI, COMERCIAL
DAEWOO;DAMAS;AUTOMÓVIL;5;PARTICULAR, TAXI, COMERCIAL
DAEWOO;DAMAS II;AUTOMÓVIL;5;PARTICULAR, TAXI, COMERCIAL
DAEWOO;ESPERO;AUTOMÓVIL;5;PARTICULAR, TAXI, COMERCIAL
DAEWOO;LANOS;AUTOMÓVIL;5;PARTICULAR, TAXI, COMERCIAL
DAEWOO;LEGANZA;AUTOMÓVIL;5;PARTICULAR, TAXI, COMERCIAL
DAEWOO;MATIZ;AUTOMÓVIL;5;PARTICULAR, TAXI, COMERCIAL
DAEWOO;NUBIRA;AUTOMÓVIL;5;PARTICULAR, TAXI, COMERCIAL
DAEWOO;REZZO;AUTOMÓVIL;5;PARTICULAR, TAXI, COMERCIAL
DAEWOO;TICO;AUTOMÓVIL;5;PARTICULAR, TAXI, COMERCIAL
DAEWOO;WINSTORM;AUTOMÓVIL;5;PARTICULAR, TAXI, COMERCIAL
DAEWOO;MUSSO;AUTOMÓVIL;5;PARTICULAR, TAXI, COMERCIAL
DAIHATSU;APPLAUSE;AUTOMÓVIL;5;PARTICULAR, TAXI, COMERCIAL
DAIHATSU;CHARADE;AUTOMÓVIL;5;PARTICULAR, TAXI, COMERCIAL
DAIHATSU;CUORE;AUTOMÓVIL;5;PARTICULAR, TAXI, COMERCIAL
DAIHATSU;FEROZA;AUTOMÓVIL;5;PARTICULAR, TAXI, COMERCIAL
DAIHATSU;GRAN MOVE;AUTOMÓVIL;5;PARTICULAR, TAXI, COMERCIAL
DAIHATSU;MIRA;AUTOMÓVIL;5;PARTICULAR, TAXI, COMERCIAL
DAIHATSU;ROCKY;AUTOMÓVIL;5;PARTICULAR, TAXI, COMERCIAL
DAIHATSU;SIRION;AUTOMÓVIL;5;PARTICULAR, TAXI, COMERCIAL
DAIHATSU;TERIOS;AUTOMÓVIL;5;PARTICULAR, TAXI, COMERCIAL
DAIHATSU;DELTA;AUTOMÓVIL;5;PARTICULAR, TAXI, COMERCIAL
DATSUN;120Y;AUTOMÓVIL;5;PARTICULAR, TAXI, COMERCIAL
DATSUN;160B;AUTOMÓVIL;5;PARTICULAR, TAXI, COMERCIAL
DATSUN;BLUEBIRD;AUTOMÓVIL;5;PARTICULAR, TAXI, COMERCIAL
DATSUN;CHERRY;AUTOMÓVIL;5;PARTICULAR, TAXI, COMERCIAL
DATSUN;NISSAN 200;AUTOMÓVIL;5;PARTICULAR, TAXI, COMERCIAL
DATSUN;PRAIRIE;AUTOMÓVIL;5;PARTICULAR, TAXI, COMERCIAL
DATSUN;SUNNY;AUTOMÓVIL;5;PARTICULAR, TAXI, COMERCIAL
DATSUN;UL-720;AUTOMÓVIL;5;PARTICULAR, TAXI, COMERCIAL
DATSUN;WHL-B11-F;AUTOMÓVIL;5;PARTICULAR, TAXI, COMERCIAL
DODGE;CALIBER;AUTOMÓVIL;5;PARTICULAR, TAXI, COMERCIAL
DODGE;CHALLENGER;AUTOMÓVIL;5;PARTICULAR, TAXI, COMERCIAL
DODGE;CHARGER;AUTOMÓVIL;5;PARTICULAR, TAXI, COMERCIAL
DODGE;DAYTONA;AUTOMÓVIL;5;PARTICULAR, TAXI, COMERCIAL
DODGE;DURANGO;AUTOMÓVIL;5;PARTICULAR, TAXI, COMERCIAL
DODGE;JOURNEY;AUTOMÓVIL;5;PARTICULAR, TAXI, COMERCIAL
DODGE;NEON;AUTOMÓVIL;5;PARTICULAR, TAXI, COMERCIAL
DODGE;RAM 3500;AUTOMÓVIL;5;PARTICULAR, TAXI, COMERCIAL
DODGE;RAM 4000;AUTOMÓVIL;5;PARTICULAR, TAXI, COMERCIAL
DONGFENG;A30;AUTOMÓVIL;5;PARTICULAR, TAXI, COMERCIAL
DONGFENG;JOYEAR;AUTOMÓVIL;5;PARTICULAR, TAXI, COMERCIAL
DONGFENG;JOYEAR X3;AUTOMÓVIL;5;PARTICULAR, TAXI, COMERCIAL
DONGFENG;S30;AUTOMÓVIL;5;PARTICULAR, TAXI, COMERCIAL
DONGFENG;T5 EVO;AUTOMÓVIL;5;PARTICULAR, TAXI, COMERCIAL
DONGFENG;T5L;AUTOMÓVIL;5;PARTICULAR, TAXI, COMERCIAL
DONGFENG;K01;AUTOMÓVIL;5;PARTICULAR, TAXI, COMERCIAL
DONGFENG;K02;AUTOMÓVIL;5;PARTICULAR, TAXI, COMERCIAL
DONGFENG;K05;AUTOMÓVIL;5;PARTICULAR, TAXI, COMERCIAL
DONGFENG;K61;AUTOMÓVIL;5;PARTICULAR, TAXI, COMERCIAL
DONGFENG;K61-911;AUTOMÓVIL;5;PARTICULAR, TAXI, COMERCIAL
DS;DS3;AUTOMÓVIL;5;PARTICULAR, TAXI, COMERCIAL
DS;DS4;AUTOMÓVIL;5;PARTICULAR, TAXI, COMERCIAL
DS;DS5;AUTOMÓVIL;5;PARTICULAR, TAXI, COMERCIAL
DS;DS7;AUTOMÓVIL;5;PARTICULAR, TAXI, COMERCIAL
DS;DS9;AUTOMÓVIL;5;PARTICULAR, TAXI, COMERCIAL
FERRARI;488;AUTOMÓVIL;5;PARTICULAR, TAXI, COMERCIAL
FERRARI;CALIFORNIA;AUTOMÓVIL;5;PARTICULAR, TAXI, COMERCIAL
FERRARI;F8;AUTOMÓVIL;5;PARTICULAR, TAXI, COMERCIAL
FERRARI;PORTOFINO;AUTOMÓVIL;5;PARTICULAR, TAXI, COMERCIAL
FERRARI;ROMA;AUTOMÓVIL;5;PARTICULAR, TAXI, COMERCIAL
FERRARI;812;AUTOMÓVIL;5;PARTICULAR, TAXI, COMERCIAL
FIAT;147;AUTOMÓVIL;5;PARTICULAR, TAXI, COMERCIAL
FIAT;ARGO;AUTOMÓVIL;5;PARTICULAR, TAXI, COMERCIAL
FIAT;BRAVA;AUTOMÓVIL;5;PARTICULAR, TAXI, COMERCIAL
FIAT;BRAVO;AUTOMÓVIL;5;PARTICULAR, TAXI, COMERCIAL
FIAT;CRONOS;AUTOMÓVIL;5;PARTICULAR, TAXI, COMERCIAL
FIAT;CROMA;AUTOMÓVIL;5;PARTICULAR, TAXI, COMERCIAL
FIAT;DOBLO;AUTOMÓVIL;5;PARTICULAR, TAXI, COMERCIAL
FIAT;DUCATO;AUTOMÓVIL;5;PARTICULAR, TAXI, COMERCIAL
FIAT;IDEA;AUTOMÓVIL;5;PARTICULAR, TAXI, COMERCIAL
FIAT;MAREA;AUTOMÓVIL;5;PARTICULAR, TAXI, COMERCIAL
FIAT;MOBI;AUTOMÓVIL;5;PARTICULAR, TAXI, COMERCIAL
FIAT;PALIO;AUTOMÓVIL;5;PARTICULAR, TAXI, COMERCIAL
FIAT;PANDA;AUTOMÓVIL;5;PARTICULAR, TAXI, COMERCIAL
FIAT;PUNTO;AUTOMÓVIL;5;PARTICULAR, TAXI, COMERCIAL
FIAT;SIENA;AUTOMÓVIL;5;PARTICULAR, TAXI, COMERCIAL
FIAT;STILO;AUTOMÓVIL;5;PARTICULAR, TAXI, COMERCIAL
FIAT;STRADA;AUTOMÓVIL;5;PARTICULAR, TAXI, COMERCIAL
FIAT;TIPO;AUTOMÓVIL;5;PARTICULAR, TAXI, COMERCIAL
FIAT;TORO;AUTOMÓVIL;5;PARTICULAR, TAXI, COMERCIAL
FIAT;UNO;AUTOMÓVIL;5;PARTICULAR, TAXI, COMERCIAL
FIAT;500;AUTOMÓVIL;5;PARTICULAR, TAXI, COMERCIAL
FIAT;500X;AUTOMÓVIL;5;PARTICULAR, TAXI, COMERCIAL
FORD;BRONCO;AUTOMÓVIL;5;PARTICULAR, TAXI, COMERCIAL
FORD;ECOSPORT;AUTOMÓVIL;5;PARTICULAR, TAXI, COMERCIAL
FORD;EDGE;AUTOMÓVIL;5;PARTICULAR, TAXI, COMERCIAL
FORD;ESCAPE;AUTOMÓVIL;5;PARTICULAR, TAXI, COMERCIAL
FORD;EXPEDITION;AUTOMÓVIL;5;PARTICULAR, TAXI, COMERCIAL
FORD;EXPLORER;AUTOMÓVIL;5;PARTICULAR, TAXI, COMERCIAL
FORD;FIESTA;AUTOMÓVIL;5;PARTICULAR, TAXI, COMERCIAL
FORD;FOCUS;AUTOMÓVIL;5;PARTICULAR, TAXI, COMERCIAL
FORD;FUSION;AUTOMÓVIL;5;PARTICULAR, TAXI, COMERCIAL
FORD;KA;AUTOMÓVIL;5;PARTICULAR, TAXI, COMERCIAL
FORD;MAVERICK;AUTOMÓVIL;5;PARTICULAR, TAXI, COMERCIAL
FORD;MONDEO;AUTOMÓVIL;5;PARTICULAR, TAXI, COMERCIAL
FORD;MUSTANG;AUTOMÓVIL;5;PARTICULAR, TAXI, COMERCIAL
FORD;RANGER;AUTOMÓVIL;5;PARTICULAR, TAXI, COMERCIAL
FORD;TAURUS;AUTOMÓVIL;5;PARTICULAR, TAXI, COMERCIAL
FORD;TERRITORY;AUTOMÓVIL;5;PARTICULAR, TAXI, COMERCIAL
FORD;TRANSIT;AUTOMÓVIL;5;PARTICULAR, TAXI, COMERCIAL
FORD;WINDSTAR;AUTOMÓVIL;5;PARTICULAR, TAXI, COMERCIAL
FORD;E350;AUTOMÓVIL;5;PARTICULAR, TAXI, COMERCIAL
GEELY;CK;AUTOMÓVIL;5;PARTICULAR, TAXI, COMERCIAL
GEELY;EC7;AUTOMÓVIL;5;PARTICULAR, TAXI, COMERCIAL
GEELY;EC8;AUTOMÓVIL;5;PARTICULAR, TAXI, COMERCIAL
GEELY;EMGRAND;AUTOMÓVIL;5;PARTICULAR, TAXI, COMERCIAL
GEELY;GX2;AUTOMÓVIL;5;PARTICULAR, TAXI, COMERCIAL
GEELY;MK;AUTOMÓVIL;5;PARTICULAR, TAXI, COMERCIAL
GEELY;MK2;AUTOMÓVIL;5;PARTICULAR, TAXI, COMERCIAL
GEELY;COOLRAY;AUTOMÓVIL;5;PARTICULAR, TAXI, COMERCIAL
GEELY;GEOMETRY C;AUTOMÓVIL;5;PARTICULAR, TAXI, COMERCIAL
GREAT WALL;C30;AUTOMÓVIL;5;PARTICULAR, TAXI, COMERCIAL
GREAT WALL;C50;AUTOMÓVIL;5;PARTICULAR, TAXI, COMERCIAL
GREAT WALL;FLORID;AUTOMÓVIL;5;PARTICULAR, TAXI, COMERCIAL
GREAT WALL;VOLEEX C10;AUTOMÓVIL;5;PARTICULAR, TAXI, COMERCIAL
GREAT WALL;VOLEEX C20;AUTOMÓVIL;5;PARTICULAR, TAXI, COMERCIAL
GREAT WALL;WINGLE;AUTOMÓVIL;5;PARTICULAR, TAXI, COMERCIAL
GREAT WALL;WINGLE 5;AUTOMÓVIL;5;PARTICULAR, TAXI, COMERCIAL
GREAT WALL;WINGLE 7;AUTOMÓVIL;5;PARTICULAR, TAXI, COMERCIAL
GREAT WALL;POER;AUTOMÓVIL;5;PARTICULAR, TAXI, COMERCIAL
HAIMA;2;AUTOMÓVIL;5;PARTICULAR, TAXI, COMERCIAL
HAIMA;3;AUTOMÓVIL;5;PARTICULAR, TAXI, COMERCIAL
HAIMA;7;AUTOMÓVIL;5;PARTICULAR, TAXI, COMERCIAL
HAIMA;FAMILY;AUTOMÓVIL;5;PARTICULAR, TAXI, COMERCIAL
HAVAL;H1;AUTOMÓVIL;5;PARTICULAR, TAXI, COMERCIAL
HAVAL;H2;AUTOMÓVIL;5;PARTICULAR, TAXI, COMERCIAL
HAVAL;H5;AUTOMÓVIL;5;PARTICULAR, TAXI, COMERCIAL
HAVAL;H6;AUTOMÓVIL;5;PARTICULAR, TAXI, COMERCIAL
HAVAL;H9;AUTOMÓVIL;5;PARTICULAR, TAXI, COMERCIAL
HAVAL;JOLION;AUTOMÓVIL;5;PARTICULAR, TAXI, COMERCIAL
HAVAL;DARGO;AUTOMÓVIL;5;PARTICULAR, TAXI, COMERCIAL
HONDA;ACCORD;AUTOMÓVIL;5;PARTICULAR, TAXI, COMERCIAL
HONDA;BRIO;AUTOMÓVIL;5;PARTICULAR, TAXI, COMERCIAL
HONDA;CITY;AUTOMÓVIL;5;PARTICULAR, TAXI, COMERCIAL
HONDA;CIVIC;AUTOMÓVIL;5;PARTICULAR, TAXI, COMERCIAL
HONDA;CR-Z;AUTOMÓVIL;5;PARTICULAR, TAXI, COMERCIAL
HONDA;FIT;AUTOMÓVIL;5;PARTICULAR, TAXI, COMERCIAL
HONDA;HR-V;AUTOMÓVIL;5;PARTICULAR, TAXI, COMERCIAL
HONDA;INTEGRA;AUTOMÓVIL;5;PARTICULAR, TAXI, COMERCIAL
HONDA;JAZZ;AUTOMÓVIL;5;PARTICULAR, TAXI, COMERCIAL
HONDA;PRELUDE;AUTOMÓVIL;5;PARTICULAR, TAXI, COMERCIAL
HONDA;RIDGELINE;AUTOMÓVIL;5;PARTICULAR, TAXI, COMERCIAL
HONDA;WR-V;AUTOMÓVIL;5;PARTICULAR, TAXI, COMERCIAL
HONDA;CR-V;AUTOMÓVIL;5;PARTICULAR, TAXI, COMERCIAL
HONDA;ELEMENT;AUTOMÓVIL;5;PARTICULAR, TAXI, COMERCIAL
HYUNDAI;ACCENT;AUTOMÓVIL;5;PARTICULAR, TAXI, COMERCIAL
HYUNDAI;AVANTE;AUTOMÓVIL;5;PARTICULAR, TAXI, COMERCIAL
HYUNDAI;ATOS;AUTOMÓVIL;5;PARTICULAR, TAXI, COMERCIAL
HYUNDAI;CRETA;AUTOMÓVIL;5;PARTICULAR, TAXI, COMERCIAL
HYUNDAI;ELANTRA;AUTOMÓVIL;5;PARTICULAR, TAXI, COMERCIAL
HYUNDAI;EON;AUTOMÓVIL;5;PARTICULAR, TAXI, COMERCIAL
HYUNDAI;EXCEL;AUTOMÓVIL;5;PARTICULAR, TAXI, COMERCIAL
HYUNDAI;GRAND I10;AUTOMÓVIL;5;PARTICULAR, TAXI, COMERCIAL
HYUNDAI;I10;AUTOMÓVIL;5;PARTICULAR, TAXI, COMERCIAL
HYUNDAI;I20;AUTOMÓVIL;5;PARTICULAR, TAXI, COMERCIAL
HYUNDAI;I30;AUTOMÓVIL;5;PARTICULAR, TAXI, COMERCIAL
HYUNDAI;IONIQ;AUTOMÓVIL;5;PARTICULAR, TAXI, COMERCIAL
HYUNDAI;KONA;AUTOMÓVIL;5;PARTICULAR, TAXI, COMERCIAL
HYUNDAI;SANTA FE;AUTOMÓVIL;5;PARTICULAR, TAXI, COMERCIAL
HYUNDAI;SONATA;AUTOMÓVIL;5;PARTICULAR, TAXI, COMERCIAL
HYUNDAI;STELLAR;AUTOMÓVIL;5;PARTICULAR, TAXI, COMERCIAL
HYUNDAI;TUCSON;AUTOMÓVIL;5;PARTICULAR, TAXI, COMERCIAL
HYUNDAI;VENUE;AUTOMÓVIL;5;PARTICULAR, TAXI, COMERCIAL
HYUNDAI;VERACRUZ;AUTOMÓVIL;5;PARTICULAR, TAXI, COMERCIAL
HYUNDAI;VELOSTER;AUTOMÓVIL;5;PARTICULAR, TAXI, COMERCIAL
HYUNDAI;STARIA;AUTOMÓVIL;5;PARTICULAR, TAXI, COMERCIAL
HYUNDAI;H-1;AUTOMÓVIL;5;PARTICULAR, TAXI, COMERCIAL
INFINITI;EX35;AUTOMÓVIL;5;PARTICULAR, TAXI, COMERCIAL
INFINITI;FX35;AUTOMÓVIL;5;PARTICULAR, TAXI, COMERCIAL
INFINITI;FX50;AUTOMÓVIL;5;PARTICULAR, TAXI, COMERCIAL
INFINITI;Q30;AUTOMÓVIL;5;PARTICULAR, TAXI, COMERCIAL
INFINITI;Q50;AUTOMÓVIL;5;PARTICULAR, TAXI, COMERCIAL
INFINITI;QX30;AUTOMÓVIL;5;PARTICULAR, TAXI, COMERCIAL
INFINITI;QX50;AUTOMÓVIL;5;PARTICULAR, TAXI, COMERCIAL
INFINITI;QX60;AUTOMÓVIL;5;PARTICULAR, TAXI, COMERCIAL
INFINITI;QX70;AUTOMÓVIL;5;PARTICULAR, TAXI, COMERCIAL
INFINITI;QX80;AUTOMÓVIL;5;PARTICULAR, TAXI, COMERCIAL
ISUZU;AMIGO;AUTOMÓVIL;5;PARTICULAR, TAXI, COMERCIAL
ISUZU;D-MAX;AUTOMÓVIL;5;PARTICULAR, TAXI, COMERCIAL
ISUZU;FARGO;AUTOMÓVIL;5;PARTICULAR, TAXI, COMERCIAL
ISUZU;RODEO;AUTOMÓVIL;5;PARTICULAR, TAXI, COMERCIAL
ISUZU;TROOPER;AUTOMÓVIL;5;PARTICULAR, TAXI, COMERCIAL
ISUZU;WIZARD;AUTOMÓVIL;5;PARTICULAR, TAXI, COMERCIAL
JEEP;CHEROKEE;AUTOMÓVIL;5;PARTICULAR, TAXI, COMERCIAL
JEEP;COMPASS;AUTOMÓVIL;5;PARTICULAR, TAXI, COMERCIAL
JEEP;GRAND CHEROKEE;AUTOMÓVIL;5;PARTICULAR, TAXI, COMERCIAL
JEEP;LIBERTY;AUTOMÓVIL;5;PARTICULAR, TAXI, COMERCIAL
JEEP;RENEGADE;AUTOMÓVIL;5;PARTICULAR, TAXI, COMERCIAL
JEEP;WRANGLER;AUTOMÓVIL;5;PARTICULAR, TAXI, COMERCIAL
JEEP;M-YJ;AUTOMÓVIL;5;PARTICULAR, TAXI, COMERCIAL
JAC;J3;AUTOMÓVIL;5;PARTICULAR, TAXI, COMERCIAL
JAC;J4;AUTOMÓVIL;5;PARTICULAR, TAXI, COMERCIAL
JAC;JS2;AUTOMÓVIL;5;PARTICULAR, TAXI, COMERCIAL
JAC;JS3;AUTOMÓVIL;5;PARTICULAR, TAXI, COMERCIAL
JAC;JS4;AUTOMÓVIL;5;PARTICULAR, TAXI, COMERCIAL
JAC;JS6;AUTOMÓVIL;5;PARTICULAR, TAXI, COMERCIAL
JAC;J7;AUTOMÓVIL;5;PARTICULAR, TAXI, COMERCIAL
JAC;T6;AUTOMÓVIL;5;PARTICULAR, TAXI, COMERCIAL
JAC;T8;AUTOMÓVIL;5;PARTICULAR, TAXI, COMERCIAL
JAC;T9;AUTOMÓVIL;5;PARTICULAR, TAXI, COMERCIAL
JAC;SUNRAY;AUTOMÓVIL;5;PARTICULAR, TAXI, COMERCIAL
JAC;REFINE;AUTOMÓVIL;5;PARTICULAR, TAXI, COMERCIAL
JAC;X200;AUTOMÓVIL;5;PARTICULAR, TAXI, COMERCIAL
KIA;AVELLA;AUTOMÓVIL;5;PARTICULAR, TAXI, COMERCIAL
KIA;CARENS;AUTOMÓVIL;5;PARTICULAR, TAXI, COMERCIAL
KIA;CARNIVAL;AUTOMÓVIL;5;PARTICULAR, TAXI, COMERCIAL
KIA;CERATO;AUTOMÓVIL;5;PARTICULAR, TAXI, COMERCIAL
KIA;K2500;AUTOMÓVIL;5;PARTICULAR, TAXI, COMERCIAL
KIA;K2700;AUTOMÓVIL;5;PARTICULAR, TAXI, COMERCIAL
KIA;K2900;AUTOMÓVIL;5;PARTICULAR, TAXI, COMERCIAL
KIA;K3000;AUTOMÓVIL;5;PARTICULAR, TAXI, COMERCIAL
KIA;K3600;AUTOMÓVIL;5;PARTICULAR, TAXI, COMERCIAL
KIA;PICANTO;AUTOMÓVIL;5;PARTICULAR, TAXI, COMERCIAL
KIA;PRIDE;AUTOMÓVIL;5;PARTICULAR, TAXI, COMERCIAL
KIA;RIO;AUTOMÓVIL;5;PARTICULAR, TAXI, COMERCIAL
KIA;SELTOS;AUTOMÓVIL;5;PARTICULAR, TAXI, COMERCIAL
KIA;SEPHIA;AUTOMÓVIL;5;PARTICULAR, TAXI, COMERCIAL
KIA;SORENTO;AUTOMÓVIL;5;PARTICULAR, TAXI, COMERCIAL
KIA;SOUL;AUTOMÓVIL;5;PARTICULAR, TAXI, COMERCIAL
KIA;SPORTAGE;AUTOMÓVIL;5;PARTICULAR, TAXI, COMERCIAL
KIA;STONIC;AUTOMÓVIL;5;PARTICULAR, TAXI, COMERCIAL
KIA;TELLURIDE;AUTOMÓVIL;5;PARTICULAR, TAXI, COMERCIAL
KIA;SOLUTO;AUTOMÓVIL;5;PARTICULAR, TAXI, COMERCIAL
KIA;FRONTIER;AUTOMÓVIL;5;PARTICULAR, TAXI, COMERCIAL
LADA;KALINA;AUTOMÓVIL;5;PARTICULAR, TAXI, COMERCIAL
LADA;NIVA;AUTOMÓVIL;5;PARTICULAR, TAXI, COMERCIAL
LADA;PRIORA;AUTOMÓVIL;5;PARTICULAR, TAXI, COMERCIAL
LADA;SAMARA;AUTOMÓVIL;5;PARTICULAR, TAXI, COMERCIAL
LAND ROVER;DEFENDER;AUTOMÓVIL;5;PARTICULAR, TAXI, COMERCIAL
LAND ROVER;DISCOVERY;AUTOMÓVIL;5;PARTICULAR, TAXI, COMERCIAL
LAND ROVER;DISCOVERY SPORT;AUTOMÓVIL;5;PARTICULAR, TAXI, COMERCIAL
LAND ROVER;FREELANDER;AUTOMÓVIL;5;PARTICULAR, TAXI, COMERCIAL
LAND ROVER;RANGE ROVER;AUTOMÓVIL;5;PARTICULAR, TAXI, COMERCIAL
LAND ROVER;RANGE ROVER EVOQUE;AUTOMÓVIL;5;PARTICULAR, TAXI, COMERCIAL
LAND ROVER;RANGE ROVER SPORT;AUTOMÓVIL;5;PARTICULAR, TAXI, COMERCIAL
LEXUS;ES;AUTOMÓVIL;5;PARTICULAR, TAXI, COMERCIAL
LEXUS;GS;AUTOMÓVIL;5;PARTICULAR, TAXI, COMERCIAL
LEXUS;IS;AUTOMÓVIL;5;PARTICULAR, TAXI, COMERCIAL
LEXUS;LS;AUTOMÓVIL;5;PARTICULAR, TAXI, COMERCIAL
LEXUS;NX;AUTOMÓVIL;5;PARTICULAR, TAXI, COMERCIAL
LEXUS;RX;AUTOMÓVIL;5;PARTICULAR, TAXI, COMERCIAL
LEXUS;GX;AUTOMÓVIL;5;PARTICULAR, TAXI, COMERCIAL
LEXUS;LX;AUTOMÓVIL;5;PARTICULAR, TAXI, COMERCIAL
LEXUS;UX;AUTOMÓVIL;5;PARTICULAR, TAXI, COMERCIAL
LF MOTOR;LF520;AUTOMÓVIL;5;PARTICULAR, TAXI, COMERCIAL
LIFAN;320;AUTOMÓVIL;5;PARTICULAR, TAXI, COMERCIAL
LIFAN;520;AUTOMÓVIL;5;PARTICULAR, TAXI, COMERCIAL
LIFAN;620;AUTOMÓVIL;5;PARTICULAR, TAXI, COMERCIAL
LIFAN;X50;AUTOMÓVIL;5;PARTICULAR, TAXI, COMERCIAL
LIFAN;X60;AUTOMÓVIL;5;PARTICULAR, TAXI, COMERCIAL
LIFAN;MYWAY;AUTOMÓVIL;5;PARTICULAR, TAXI, COMERCIAL
LIFAN;FOISON;AUTOMÓVIL;5;PARTICULAR, TAXI, COMERCIAL
MAZDA;2;AUTOMÓVIL;5;PARTICULAR, TAXI, COMERCIAL
MAZDA;3;AUTOMÓVIL;5;PARTICULAR, TAXI, COMERCIAL
MAZDA;5;AUTOMÓVIL;5;PARTICULAR, TAXI, COMERCIAL
MAZDA;6;AUTOMÓVIL;5;PARTICULAR, TAXI, COMERCIAL
MAZDA;323;AUTOMÓVIL;5;PARTICULAR, TAXI, COMERCIAL
MAZDA;626;AUTOMÓVIL;5;PARTICULAR, TAXI, COMERCIAL
MAZDA;B2000;AUTOMÓVIL;5;PARTICULAR, TAXI, COMERCIAL
MAZDA;BT-50;AUTOMÓVIL;5;PARTICULAR, TAXI, COMERCIAL
MAZDA;CX-3;AUTOMÓVIL;5;PARTICULAR, TAXI, COMERCIAL
MAZDA;CX-30;AUTOMÓVIL;5;PARTICULAR, TAXI, COMERCIAL
MAZDA;CX-5;AUTOMÓVIL;5;PARTICULAR, TAXI, COMERCIAL
MAZDA;CX-7;AUTOMÓVIL;5;PARTICULAR, TAXI, COMERCIAL
MAZDA;CX-9;AUTOMÓVIL;5;PARTICULAR, TAXI, COMERCIAL
MAZDA;MPV;AUTOMÓVIL;5;PARTICULAR, TAXI, COMERCIAL
MAZDA;MX-5;AUTOMÓVIL;5;PARTICULAR, TAXI, COMERCIAL
MAZDA;PROCEED;AUTOMÓVIL;5;PARTICULAR, TAXI, COMERCIAL
MAZDA;TRIBUTE;AUTOMÓVIL;5;PARTICULAR, TAXI, COMERCIAL
MAZDA;RX-7;AUTOMÓVIL;5;PARTICULAR, TAXI, COMERCIAL
MAZDA;RX-8;AUTOMÓVIL;5;PARTICULAR, TAXI, COMERCIAL
MCLAREN;650S;AUTOMÓVIL;5;PARTICULAR, TAXI, COMERCIAL
MCLAREN;720S;AUTOMÓVIL;5;PARTICULAR, TAXI, COMERCIAL
MCLAREN;ARTURA;AUTOMÓVIL;5;PARTICULAR, TAXI, COMERCIAL
MERCEDES-BENZ;190;AUTOMÓVIL;5;PARTICULAR, TAXI, COMERCIAL
MERCEDES-BENZ;220;AUTOMÓVIL;5;PARTICULAR, TAXI, COMERCIAL
MERCEDES-BENZ;250;AUTOMÓVIL;5;PARTICULAR, TAXI, COMERCIAL
MERCEDES-BENZ;280;AUTOMÓVIL;5;PARTICULAR, TAXI, COMERCIAL
MERCEDES-BENZ;300;AUTOMÓVIL;5;PARTICULAR, TAXI, COMERCIAL
MERCEDES-BENZ;350;AUTOMÓVIL;5;PARTICULAR, TAXI, COMERCIAL
MERCEDES-BENZ;450;AUTOMÓVIL;5;PARTICULAR, TAXI, COMERCIAL
MERCEDES-BENZ;500;AUTOMÓVIL;5;PARTICULAR, TAXI, COMERCIAL
MERCEDES-BENZ;C180;AUTOMÓVIL;5;PARTICULAR, TAXI, COMERCIAL
MERCEDES-BENZ;C200;AUTOMÓVIL;5;PARTICULAR, TAXI, COMERCIAL
MERCEDES-BENZ;C220;AUTOMÓVIL;5;PARTICULAR, TAXI, COMERCIAL
MERCEDES-BENZ;C250;AUTOMÓVIL;5;PARTICULAR, TAXI, COMERCIAL
MERCEDES-BENZ;C300;AUTOMÓVIL;5;PARTICULAR, TAXI, COMERCIAL
MERCEDES-BENZ;CLA200;AUTOMÓVIL;5;PARTICULAR, TAXI, COMERCIAL
MERCEDES-BENZ;CLA250;AUTOMÓVIL;5;PARTICULAR, TAXI, COMERCIAL
MERCEDES-BENZ;E200;AUTOMÓVIL;5;PARTICULAR, TAXI, COMERCIAL
MERCEDES-BENZ;E250;AUTOMÓVIL;5;PARTICULAR, TAXI, COMERCIAL
MERCEDES-BENZ;E300;AUTOMÓVIL;5;PARTICULAR, TAXI, COMERCIAL
MERCEDES-BENZ;E350;AUTOMÓVIL;5;PARTICULAR, TAXI, COMERCIAL
MERCEDES-BENZ;S350;AUTOMÓVIL;5;PARTICULAR, TAXI, COMERCIAL
MERCEDES-BENZ;S500;AUTOMÓVIL;5;PARTICULAR, TAXI, COMERCIAL
MERCEDES-BENZ;SL320;AUTOMÓVIL;5;PARTICULAR, TAXI, COMERCIAL
MERCEDES-BENZ;SLK200;AUTOMÓVIL;5;PARTICULAR, TAXI, COMERCIAL
MERCEDES-BENZ;SLC200;AUTOMÓVIL;5;PARTICULAR, TAXI, COMERCIAL
MERCEDES-BENZ;AMG GT;AUTOMÓVIL;5;PARTICULAR, TAXI, COMERCIAL
MERCEDES-BENZ;G500;AUTOMÓVIL;5;PARTICULAR, TAXI, COMERCIAL
MERCEDES-BENZ;G63;AUTOMÓVIL;5;PARTICULAR, TAXI, COMERCIAL
MERCEDES-BENZ;GLA180;AUTOMÓVIL;5;PARTICULAR, TAXI, COMERCIAL
MERCEDES-BENZ;GLA200;AUTOMÓVIL;5;PARTICULAR, TAXI, COMERCIAL
MERCEDES-BENZ;GLC200;AUTOMÓVIL;5;PARTICULAR, TAXI, COMERCIAL
MERCEDES-BENZ;GLC300;AUTOMÓVIL;5;PARTICULAR, TAXI, COMERCIAL
MERCEDES-BENZ;GLE350;AUTOMÓVIL;5;PARTICULAR, TAXI, COMERCIAL
MERCEDES-BENZ;GLE400;AUTOMÓVIL;5;PARTICULAR, TAXI, COMERCIAL
MERCEDES-BENZ;GLE450;AUTOMÓVIL;5;PARTICULAR, TAXI, COMERCIAL
MERCEDES-BENZ;GLE63;AUTOMÓVIL;5;PARTICULAR, TAXI, COMERCIAL
MERCEDES-BENZ;GL400;AUTOMÓVIL;5;PARTICULAR, TAXI, COMERCIAL
MERCEDES-BENZ;GL500;AUTOMÓVIL;5;PARTICULAR, TAXI, COMERCIAL
MERCEDES-BENZ;ML350;AUTOMÓVIL;5;PARTICULAR, TAXI, COMERCIAL
MERCEDES-BENZ;ML500;AUTOMÓVIL;5;PARTICULAR, TAXI, COMERCIAL
MERCEDES-BENZ;R350;AUTOMÓVIL;5;PARTICULAR, TAXI, COMERCIAL
MERCEDES-BENZ;SPRINTER;AUTOMÓVIL;5;PARTICULAR, TAXI, COMERCIAL
MG;3;AUTOMÓVIL;5;PARTICULAR, TAXI, COMERCIAL
MG;5;AUTOMÓVIL;5;PARTICULAR, TAXI, COMERCIAL
MG;6;AUTOMÓVIL;5;PARTICULAR, TAXI, COMERCIAL
MG;ZS;AUTOMÓVIL;5;PARTICULAR, TAXI, COMERCIAL
MG;HS;AUTOMÓVIL;5;PARTICULAR, TAXI, COMERCIAL
MG;RX5;AUTOMÓVIL;5;PARTICULAR, TAXI, COMERCIAL
MG;MG4;AUTOMÓVIL;5;PARTICULAR, TAXI, COMERCIAL
MG;MARVEL R;AUTOMÓVIL;5;PARTICULAR, TAXI, COMERCIAL
MITSUBISHI;ASX;AUTOMÓVIL;5;PARTICULAR, TAXI, COMERCIAL
MITSUBISHI;AIRTREK;AUTOMÓVIL;5;PARTICULAR, TAXI, COMERCIAL
MITSUBISHI;COLT;AUTOMÓVIL;5;PARTICULAR, TAXI, COMERCIAL
MITSUBISHI;ECLIPSE;AUTOMÓVIL;5;PARTICULAR, TAXI, COMERCIAL
MITSUBISHI;GALANT;AUTOMÓVIL;5;PARTICULAR, TAXI, COMERCIAL
MITSUBISHI;LANCER;AUTOMÓVIL;5;PARTICULAR, TAXI, COMERCIAL
MITSUBISHI;MONTERO;AUTOMÓVIL;5;PARTICULAR, TAXI, COMERCIAL
MITSUBISHI;OUTLANDER;AUTOMÓVIL;5;PARTICULAR, TAXI, COMERCIAL
MITSUBISHI;PAJERO;AUTOMÓVIL;5;PARTICULAR, TAXI, COMERCIAL
MITSUBISHI;PAJERO SPORT;AUTOMÓVIL;5;PARTICULAR, TAXI, COMERCIAL
MITSUBISHI;SPACE WAGON;AUTOMÓVIL;5;PARTICULAR, TAXI, COMERCIAL
MITSUBISHI;STRADA;AUTOMÓVIL;5;PARTICULAR, TAXI, COMERCIAL
MITSUBISHI;DELICA;AUTOMÓVIL;5;PARTICULAR, TAXI, COMERCIAL
MITSUBISHI;CANTER;AUTOMÓVIL;5;PARTICULAR, TAXI, COMERCIAL
MINI;COOPER;AUTOMÓVIL;5;PARTICULAR, TAXI, COMERCIAL
MINI;COOPER S;AUTOMÓVIL;5;PARTICULAR, TAXI, COMERCIAL
MINI;COUNTRYMAN;AUTOMÓVIL;5;PARTICULAR, TAXI, COMERCIAL
MINI;CLUBMAN;AUTOMÓVIL;5;PARTICULAR, TAXI, COMERCIAL
MINI;CABRIO;AUTOMÓVIL;5;PARTICULAR, TAXI, COMERCIAL
MINI;PACEMAN;AUTOMÓVIL;5;PARTICULAR, TAXI, COMERCIAL
MORRIS;MINI;AUTOMÓVIL;5;PARTICULAR, TAXI, COMERCIAL
MORRIS;MINI COOPER;AUTOMÓVIL;5;PARTICULAR, TAXI, COMERCIAL
MORRIS;GT;AUTOMÓVIL;5;PARTICULAR, TAXI, COMERCIAL
NISSAN;200SX;AUTOMÓVIL;5;PARTICULAR, TAXI, COMERCIAL
NISSAN;240SX;AUTOMÓVIL;5;PARTICULAR, TAXI, COMERCIAL
NISSAN;350Z;AUTOMÓVIL;5;PARTICULAR, TAXI, COMERCIAL
NISSAN;370Z;AUTOMÓVIL;5;PARTICULAR, TAXI, COMERCIAL
NISSAN;ALMERA;AUTOMÓVIL;5;PARTICULAR, TAXI, COMERCIAL
NISSAN;ALTIMA;AUTOMÓVIL;5;PARTICULAR, TAXI, COMERCIAL
NISSAN;APRIO;AUTOMÓVIL;5;PARTICULAR, TAXI, COMERCIAL
NISSAN;ARMADA;AUTOMÓVIL;5;PARTICULAR, TAXI, COMERCIAL
NISSAN;BLUEBIRD;AUTOMÓVIL;5;PARTICULAR, TAXI, COMERCIAL
NISSAN;CARAVAN;AUTOMÓVIL;5;PARTICULAR, TAXI, COMERCIAL
NISSAN;CHERRY;AUTOMÓVIL;5;PARTICULAR, TAXI, COMERCIAL
NISSAN;CLIPPER;AUTOMÓVIL;5;PARTICULAR, TAXI, COMERCIAL
NISSAN;CUBE;AUTOMÓVIL;5;PARTICULAR, TAXI, COMERCIAL
NISSAN;DUALIS;AUTOMÓVIL;5;PARTICULAR, TAXI, COMERCIAL
NISSAN;ELGRAND;AUTOMÓVIL;5;PARTICULAR, TAXI, COMERCIAL
NISSAN;FRONTIER;AUTOMÓVIL;5;PARTICULAR, TAXI, COMERCIAL
NISSAN;JUKE;AUTOMÓVIL;5;PARTICULAR, TAXI, COMERCIAL
NISSAN;KICKS;AUTOMÓVIL;5;PARTICULAR, TAXI, COMERCIAL
NISSAN;MARCH;AUTOMÓVIL;5;PARTICULAR, TAXI, COMERCIAL
NISSAN;MAXIMA;AUTOMÓVIL;5;PARTICULAR, TAXI, COMERCIAL
NISSAN;MISTRAL;AUTOMÓVIL;5;PARTICULAR, TAXI, COMERCIAL
NISSAN;MURANO;AUTOMÓVIL;5;PARTICULAR, TAXI, COMERCIAL
NISSAN;NAVARA;AUTOMÓVIL;5;PARTICULAR, TAXI, COMERCIAL
NISSAN;PATHFINDER;AUTOMÓVIL;5;PARTICULAR, TAXI, COMERCIAL
NISSAN;PRAIRIE;AUTOMÓVIL;5;PARTICULAR, TAXI, COMERCIAL
NISSAN;QASHQAI;AUTOMÓVIL;5;PARTICULAR, TAXI, COMERCIAL
NISSAN;SENTRA;AUTOMÓVIL;5;PARTICULAR, TAXI, COMERCIAL
NISSAN;SILVIA;AUTOMÓVIL;5;PARTICULAR, TAXI, COMERCIAL
NISSAN;SKYLINE;AUTOMÓVIL;5;PARTICULAR, TAXI, COMERCIAL
NISSAN;SUNNY;AUTOMÓVIL;5;PARTICULAR, TAXI, COMERCIAL
NISSAN;TEANA;AUTOMÓVIL;5;PARTICULAR, TAXI, COMERCIAL
NISSAN;TERRANO;AUTOMÓVIL;5;PARTICULAR, TAXI, COMERCIAL
NISSAN;TIIDA;AUTOMÓVIL;5;PARTICULAR, TAXI, COMERCIAL
NISSAN;URVAN;AUTOMÓVIL;5;PARTICULAR, TAXI, COMERCIAL
NISSAN;VANETTE;AUTOMÓVIL;5;PARTICULAR, TAXI, COMERCIAL
NISSAN;X-TRAIL;AUTOMÓVIL;5;PARTICULAR, TAXI, COMERCIAL
NISSAN;VERSA;AUTOMÓVIL;5;PARTICULAR, TAXI, COMERCIAL
NISSAN;WINGROAD;AUTOMÓVIL;5;PARTICULAR, TAXI, COMERCIAL
NISSAN;NP300;AUTOMÓVIL;5;PARTICULAR, TAXI, COMERCIAL
OLDSMOBILE;ACHIEVA;AUTOMÓVIL;5;PARTICULAR, TAXI, COMERCIAL
OLDSMOBILE;CLASSIC;AUTOMÓVIL;5;PARTICULAR, TAXI, COMERCIAL
OLDSMOBILE;CUTLASS CALAIS;AUTOMÓVIL;5;PARTICULAR, TAXI, COMERCIAL
OPEL;ASTRA;AUTOMÓVIL;5;PARTICULAR, TAXI, COMERCIAL
OPEL;CORSA;AUTOMÓVIL;5;PARTICULAR, TAXI, COMERCIAL
OPEL;KADETT;AUTOMÓVIL;5;PARTICULAR, TAXI, COMERCIAL
OPEL;MERIVA;AUTOMÓVIL;5;PARTICULAR, TAXI, COMERCIAL
OPEL;VECTRA;AUTOMÓVIL;5;PARTICULAR, TAXI, COMERCIAL
OPEL;ZAFIRA;AUTOMÓVIL;5;PARTICULAR, TAXI, COMERCIAL
PEUGEOT;106;AUTOMÓVIL;5;PARTICULAR, TAXI, COMERCIAL
PEUGEOT;205;AUTOMÓVIL;5;PARTICULAR, TAXI, COMERCIAL
PEUGEOT;206;AUTOMÓVIL;5;PARTICULAR, TAXI, COMERCIAL
PEUGEOT;207;AUTOMÓVIL;5;PARTICULAR, TAXI, COMERCIAL
PEUGEOT;306;AUTOMÓVIL;5;PARTICULAR, TAXI, COMERCIAL
PEUGEOT;307;AUTOMÓVIL;5;PARTICULAR, TAXI, COMERCIAL
PEUGEOT;308;AUTOMÓVIL;5;PARTICULAR, TAXI, COMERCIAL
PEUGEOT;405;AUTOMÓVIL;5;PARTICULAR, TAXI, COMERCIAL
PEUGEOT;406;AUTOMÓVIL;5;PARTICULAR, TAXI, COMERCIAL
PEUGEOT;407;AUTOMÓVIL;5;PARTICULAR, TAXI, COMERCIAL
PEUGEOT;508;AUTOMÓVIL;5;PARTICULAR, TAXI, COMERCIAL
PEUGEOT;2008;AUTOMÓVIL;5;PARTICULAR, TAXI, COMERCIAL
PEUGEOT;3008;AUTOMÓVIL;5;PARTICULAR, TAXI, COMERCIAL
PEUGEOT;5008;AUTOMÓVIL;5;PARTICULAR, TAXI, COMERCIAL
PEUGEOT;PARTNER;AUTOMÓVIL;5;PARTICULAR, TAXI, COMERCIAL
PEUGEOT;PARTNER TEPEE;AUTOMÓVIL;5;PARTICULAR, TAXI, COMERCIAL
PEUGEOT;TRAVELLER;AUTOMÓVIL;5;PARTICULAR, TAXI, COMERCIAL
PLYMOUTH;NEON;AUTOMÓVIL;5;PARTICULAR, TAXI, COMERCIAL
PLYMOUTH;VOYAGER;AUTOMÓVIL;5;PARTICULAR, TAXI, COMERCIAL
PONTIAC;FIREBIRD;AUTOMÓVIL;5;PARTICULAR, TAXI, COMERCIAL
PONTIAC;SUNFIRE;AUTOMÓVIL;5;PARTICULAR, TAXI, COMERCIAL
PONTIAC;GRAND PRIX;AUTOMÓVIL;5;PARTICULAR, TAXI, COMERCIAL
PORSCHE;944;AUTOMÓVIL;5;PARTICULAR, TAXI, COMERCIAL
PORSCHE;911;AUTOMÓVIL;5;PARTICULAR, TAXI, COMERCIAL
PORSCHE;BOXSTER;AUTOMÓVIL;5;PARTICULAR, TAXI, COMERCIAL
PORSCHE;CAYMAN;AUTOMÓVIL;5;PARTICULAR, TAXI, COMERCIAL
PORSCHE;CAYENNE;AUTOMÓVIL;5;PARTICULAR, TAXI, COMERCIAL
PORSCHE;MACAN;AUTOMÓVIL;5;PARTICULAR, TAXI, COMERCIAL
PORSCHE;PANAMERA;AUTOMÓVIL;5;PARTICULAR, TAXI, COMERCIAL
RENAULT;CLIO;AUTOMÓVIL;5;PARTICULAR, TAXI, COMERCIAL
RENAULT;DUSTER;AUTOMÓVIL;5;PARTICULAR, TAXI, COMERCIAL
RENAULT;ESPACE;AUTOMÓVIL;5;PARTICULAR, TAXI, COMERCIAL
RENAULT;FLUENCE;AUTOMÓVIL;5;PARTICULAR, TAXI, COMERCIAL
RENAULT;KWID;AUTOMÓVIL;5;PARTICULAR, TAXI, COMERCIAL
RENAULT;LAGUNA;AUTOMÓVIL;5;PARTICULAR, TAXI, COMERCIAL
RENAULT;LOGAN;AUTOMÓVIL;5;PARTICULAR, TAXI, COMERCIAL
RENAULT;MEGANE;AUTOMÓVIL;5;PARTICULAR, TAXI, COMERCIAL
RENAULT;R19;AUTOMÓVIL;5;PARTICULAR, TAXI, COMERCIAL
RENAULT;SANDERO;AUTOMÓVIL;5;PARTICULAR, TAXI, COMERCIAL
RENAULT;SCENIC;AUTOMÓVIL;5;PARTICULAR, TAXI, COMERCIAL
RENAULT;SYMBOL;AUTOMÓVIL;5;PARTICULAR, TAXI, COMERCIAL
RENAULT;STEPWAY;AUTOMÓVIL;5;PARTICULAR, TAXI, COMERCIAL
RENAULT;CAPTUR;AUTOMÓVIL;5;PARTICULAR, TAXI, COMERCIAL
RENAULT;KOLEOS;AUTOMÓVIL;5;PARTICULAR, TAXI, COMERCIAL
RENAULT;OROCH;AUTOMÓVIL;5;PARTICULAR, TAXI, COMERCIAL
RENAULT;MASTER;AUTOMÓVIL;5;PARTICULAR, TAXI, COMERCIAL
RENAULT;KANGOO;AUTOMÓVIL;5;PARTICULAR, TAXI, COMERCIAL
SEAT;IBIZA;AUTOMÓVIL;5;PARTICULAR, TAXI, COMERCIAL
SEAT;LEON;AUTOMÓVIL;5;PARTICULAR, TAXI, COMERCIAL
SEAT;TOLEDO;AUTOMÓVIL;5;PARTICULAR, TAXI, COMERCIAL
SEAT;CORDOBA;AUTOMÓVIL;5;PARTICULAR, TAXI, COMERCIAL
SKODA;FABIA;AUTOMÓVIL;5;PARTICULAR, TAXI, COMERCIAL
SKODA;OCTAVIA;AUTOMÓVIL;5;PARTICULAR, TAXI, COMERCIAL
SKODA;RAPID;AUTOMÓVIL;5;PARTICULAR, TAXI, COMERCIAL
SKODA;SUPERB;AUTOMÓVIL;5;PARTICULAR, TAXI, COMERCIAL
SKODA;KAROQ;AUTOMÓVIL;5;PARTICULAR, TAXI, COMERCIAL
SKODA;KODIAQ;AUTOMÓVIL;5;PARTICULAR, TAXI, COMERCIAL
SSANGYONG;ACTYON;AUTOMÓVIL;5;PARTICULAR, TAXI, COMERCIAL
SSANGYONG;KORANDO;AUTOMÓVIL;5;PARTICULAR, TAXI, COMERCIAL
SSANGYONG;KYRON;AUTOMÓVIL;5;PARTICULAR, TAXI, COMERCIAL
SSANGYONG;MUSSO;AUTOMÓVIL;5;PARTICULAR, TAXI, COMERCIAL
SSANGYONG;REXTON;AUTOMÓVIL;5;PARTICULAR, TAXI, COMERCIAL
SSANGYONG;RODIUS;AUTOMÓVIL;5;PARTICULAR, TAXI, COMERCIAL
SSANGYONG;TIVOLI;AUTOMÓVIL;5;PARTICULAR, TAXI, COMERCIAL
SSANGYONG;XLV;AUTOMÓVIL;5;PARTICULAR, TAXI, COMERCIAL
SUBARU;BRZ;AUTOMÓVIL;5;PARTICULAR, TAXI, COMERCIAL
SUBARU;FORESTER;AUTOMÓVIL;5;PARTICULAR, TAXI, COMERCIAL
SUBARU;IMPREZA;AUTOMÓVIL;5;PARTICULAR, TAXI, COMERCIAL
SUBARU;JUSTY;AUTOMÓVIL;5;PARTICULAR, TAXI, COMERCIAL
SUBARU;LEGACY;AUTOMÓVIL;5;PARTICULAR, TAXI, COMERCIAL
SUBARU;OUTBACK;AUTOMÓVIL;5;PARTICULAR, TAXI, COMERCIAL
SUBARU;TRIBECA;AUTOMÓVIL;5;PARTICULAR, TAXI, COMERCIAL
SUBARU;WRX;AUTOMÓVIL;5;PARTICULAR, TAXI, COMERCIAL
SUBARU;XV;AUTOMÓVIL;5;PARTICULAR, TAXI, COMERCIAL
SUZUKI;ALTO;AUTOMÓVIL;5;PARTICULAR, TAXI, COMERCIAL
SUZUKI;BALENO;AUTOMÓVIL;5;PARTICULAR, TAXI, COMERCIAL
SUZUKI;CELERIO;AUTOMÓVIL;5;PARTICULAR, TAXI, COMERCIAL
SUZUKI;CIAZ;AUTOMÓVIL;5;PARTICULAR, TAXI, COMERCIAL
SUZUKI;DZIRE;AUTOMÓVIL;5;PARTICULAR, TAXI, COMERCIAL
SUZUKI;ESTEEM;AUTOMÓVIL;5;PARTICULAR, TAXI, COMERCIAL
SUZUKI;FORENZA;AUTOMÓVIL;5;PARTICULAR, TAXI, COMERCIAL
SUZUKI;GRAND VITARA;AUTOMÓVIL;5;PARTICULAR, TAXI, COMERCIAL
SUZUKI;IGNIS;AUTOMÓVIL;5;PARTICULAR, TAXI, COMERCIAL
SUZUKI;JIMNY;AUTOMÓVIL;5;PARTICULAR, TAXI, COMERCIAL
SUZUKI;MARUTI;AUTOMÓVIL;5;PARTICULAR, TAXI, COMERCIAL
SUZUKI;SWIFT;AUTOMÓVIL;5;PARTICULAR, TAXI, COMERCIAL
SUZUKI;SX4;AUTOMÓVIL;5;PARTICULAR, TAXI, COMERCIAL
SUZUKI;VITARA;AUTOMÓVIL;5;PARTICULAR, TAXI, COMERCIAL
SUZUKI;WAGON R;AUTOMÓVIL;5;PARTICULAR, TAXI, COMERCIAL
SUZUKI;S-PRESSO;AUTOMÓVIL;5;PARTICULAR, TAXI, COMERCIAL
SUZUKI;ERTIGA;AUTOMÓVIL;5;PARTICULAR, TAXI, COMERCIAL
SUZUKI;XL7;AUTOMÓVIL;5;PARTICULAR, TAXI, COMERCIAL
TOYOTA;4RUNNER;AUTOMÓVIL;5;PARTICULAR, TAXI, COMERCIAL
TOYOTA;86;AUTOMÓVIL;5;PARTICULAR, TAXI, COMERCIAL
TOYOTA;AVALON;AUTOMÓVIL;5;PARTICULAR, TAXI, COMERCIAL
TOYOTA;AVANZA;AUTOMÓVIL;5;PARTICULAR, TAXI, COMERCIAL
TOYOTA;CAMRY;AUTOMÓVIL;5;PARTICULAR, TAXI, COMERCIAL
TOYOTA;CELICA;AUTOMÓVIL;5;PARTICULAR, TAXI, COMERCIAL
TOYOTA;COROLLA;AUTOMÓVIL;5;PARTICULAR, TAXI, COMERCIAL
TOYOTA;COROLLA CROSS;AUTOMÓVIL;5;PARTICULAR, TAXI, COMERCIAL
TOYOTA;CRESSIDA;AUTOMÓVIL;5;PARTICULAR, TAXI, COMERCIAL
TOYOTA;CROWN;AUTOMÓVIL;5;PARTICULAR, TAXI, COMERCIAL
TOYOTA;ETIOS;AUTOMÓVIL;5;PARTICULAR, TAXI, COMERCIAL
TOYOTA;FJ CRUISER;AUTOMÓVIL;5;PARTICULAR, TAXI, COMERCIAL
TOYOTA;FORTUNER;AUTOMÓVIL;5;PARTICULAR, TAXI, COMERCIAL
TOYOTA;HIACE;AUTOMÓVIL;5;PARTICULAR, TAXI, COMERCIAL
TOYOTA;INNOVA;AUTOMÓVIL;5;PARTICULAR, TAXI, COMERCIAL
TOYOTA;LITEACE;AUTOMÓVIL;5;PARTICULAR, TAXI, COMERCIAL
TOYOTA;PRADO;AUTOMÓVIL;5;PARTICULAR, TAXI, COMERCIAL
TOYOTA;PRIUS;AUTOMÓVIL;5;PARTICULAR, TAXI, COMERCIAL
TOYOTA;RAIZE;AUTOMÓVIL;5;PARTICULAR, TAXI, COMERCIAL
TOYOTA;RAV4;AUTOMÓVIL;5;PARTICULAR, TAXI, COMERCIAL
TOYOTA;RUSH;AUTOMÓVIL;5;PARTICULAR, TAXI, COMERCIAL
TOYOTA;SEQUOIA;AUTOMÓVIL;5;PARTICULAR, TAXI, COMERCIAL
TOYOTA;SPACIO;AUTOMÓVIL;5;PARTICULAR, TAXI, COMERCIAL
TOYOTA;SUPRA;AUTOMÓVIL;5;PARTICULAR, TAXI, COMERCIAL
TOYOTA;TACOMA;AUTOMÓVIL;5;PARTICULAR, TAXI, COMERCIAL
TOYOTA;TERCEL;AUTOMÓVIL;5;PARTICULAR, TAXI, COMERCIAL
TOYOTA;TOWNACE;AUTOMÓVIL;5;PARTICULAR, TAXI, COMERCIAL
TOYOTA;VITZ;AUTOMÓVIL;5;PARTICULAR, TAXI, COMERCIAL
TOYOTA;YARIS;AUTOMÓVIL;5;PARTICULAR, TAXI, COMERCIAL
TOYOTA;LAND CRUISER;AUTOMÓVIL;5;PARTICULAR, TAXI, COMERCIAL
TOYOTA;HILUX;AUTOMÓVIL;5;PARTICULAR, TAXI, COMERCIAL
TOYOTA;STARLET;AUTOMÓVIL;5;PARTICULAR, TAXI, COMERCIAL
TRIUMPH;13-60;AUTOMÓVIL;5;PARTICULAR, TAXI, COMERCIAL
TRIUMPH;GT6;AUTOMÓVIL;5;PARTICULAR, TAXI, COMERCIAL
TRIUMPH;MK;AUTOMÓVIL;5;PARTICULAR, TAXI, COMERCIAL
TRIUMPH;SPITFIRE;AUTOMÓVIL;5;PARTICULAR, TAXI, COMERCIAL
VOLKSWAGEN;AMAROK;AUTOMÓVIL;5;PARTICULAR, TAXI, COMERCIAL
VOLKSWAGEN;BORA;AUTOMÓVIL;5;PARTICULAR, TAXI, COMERCIAL
VOLKSWAGEN;BRASILIA;AUTOMÓVIL;5;PARTICULAR, TAXI, COMERCIAL
VOLKSWAGEN;BEETLE;AUTOMÓVIL;5;PARTICULAR, TAXI, COMERCIAL
VOLKSWAGEN;COMBI;AUTOMÓVIL;5;PARTICULAR, TAXI, COMERCIAL
VOLKSWAGEN;CROSSFOX;AUTOMÓVIL;5;PARTICULAR, TAXI, COMERCIAL
VOLKSWAGEN;FOX;AUTOMÓVIL;5;PARTICULAR, TAXI, COMERCIAL
VOLKSWAGEN;GOL;AUTOMÓVIL;5;PARTICULAR, TAXI, COMERCIAL
VOLKSWAGEN;GOLF;AUTOMÓVIL;5;PARTICULAR, TAXI, COMERCIAL
VOLKSWAGEN;JETTA;AUTOMÓVIL;5;PARTICULAR, TAXI, COMERCIAL
VOLKSWAGEN;PASSAT;AUTOMÓVIL;5;PARTICULAR, TAXI, COMERCIAL
VOLKSWAGEN;POLO;AUTOMÓVIL;5;PARTICULAR, TAXI, COMERCIAL
VOLKSWAGEN;RABBIT;AUTOMÓVIL;5;PARTICULAR, TAXI, COMERCIAL
VOLKSWAGEN;SAVEIRO;AUTOMÓVIL;5;PARTICULAR, TAXI, COMERCIAL
VOLKSWAGEN;T-CROSS;AUTOMÓVIL;5;PARTICULAR, TAXI, COMERCIAL
VOLKSWAGEN;TAOS;AUTOMÓVIL;5;PARTICULAR, TAXI, COMERCIAL
VOLKSWAGEN;TIGUAN;AUTOMÓVIL;5;PARTICULAR, TAXI, COMERCIAL
VOLKSWAGEN;TOUAREG;AUTOMÓVIL;5;PARTICULAR, TAXI, COMERCIAL
VOLKSWAGEN;TRANSPORTER;AUTOMÓVIL;5;PARTICULAR, TAXI, COMERCIAL
VOLKSWAGEN;UP!;AUTOMÓVIL;5;PARTICULAR, TAXI, COMERCIAL
VOLKSWAGEN;VOYAGE;AUTOMÓVIL;5;PARTICULAR, TAXI, COMERCIAL
VOLKSWAGEN;VIRTUS;AUTOMÓVIL;5;PARTICULAR, TAXI, COMERCIAL
VOLVO;544;AUTOMÓVIL;5;PARTICULAR, TAXI, COMERCIAL
VOLVO;740;AUTOMÓVIL;5;PARTICULAR, TAXI, COMERCIAL
VOLVO;850;AUTOMÓVIL;5;PARTICULAR, TAXI, COMERCIAL
VOLVO;940;AUTOMÓVIL;5;PARTICULAR, TAXI, COMERCIAL
VOLVO;960;AUTOMÓVIL;5;PARTICULAR, TAXI, COMERCIAL
VOLVO;B18D;AUTOMÓVIL;5;PARTICULAR, TAXI, COMERCIAL
VOLVO;P11134;AUTOMÓVIL;5;PARTICULAR, TAXI, COMERCIAL
VOLVO;PV;AUTOMÓVIL;5;PARTICULAR, TAXI, COMERCIAL
VOLVO;S40;AUTOMÓVIL;5;PARTICULAR, TAXI, COMERCIAL
VOLVO;S60;AUTOMÓVIL;5;PARTICULAR, TAXI, COMERCIAL
VOLVO;S80;AUTOMÓVIL;5;PARTICULAR, TAXI, COMERCIAL
VOLVO;S90;AUTOMÓVIL;5;PARTICULAR, TAXI, COMERCIAL
VOLVO;V40;AUTOMÓVIL;5;PARTICULAR, TAXI, COMERCIAL
VOLVO;V50;AUTOMÓVIL;5;PARTICULAR, TAXI, COMERCIAL
VOLVO;V60;AUTOMÓVIL;5;PARTICULAR, TAXI, COMERCIAL
VOLVO;V70;AUTOMÓVIL;5;PARTICULAR, TAXI, COMERCIAL
VOLVO;V90;AUTOMÓVIL;5;PARTICULAR, TAXI, COMERCIAL
VOLVO;XC40;AUTOMÓVIL;5;PARTICULAR, TAXI, COMERCIAL
VOLVO;XC60;AUTOMÓVIL;5;PARTICULAR, TAXI, COMERCIAL
VOLVO;XC70;AUTOMÓVIL;5;PARTICULAR, TAXI, COMERCIAL
VOLVO;XC90;AUTOMÓVIL;5;PARTICULAR, TAXI, COMERCIAL
ZOTYE;T200;AUTOMÓVIL;5;PARTICULAR, TAXI, COMERCIAL
ZOTYE;Z200;AUTOMÓVIL;5;PARTICULAR, TAXI, COMERCIAL
ZOTYE;Z300;AUTOMÓVIL;5;PARTICULAR, TAXI, COMERCIAL
ZOTYE;Z500;AUTOMÓVIL;5;PARTICULAR, TAXI, COMERCIAL
ZOTYE;T600;AUTOMÓVIL;5;PARTICULAR, TAXI, COMERCIAL
ZXAUTO;ADMIRAL;AUTOMÓVIL;5;PARTICULAR, TAXI, COMERCIAL
ZXAUTO;LANDMARK;AUTOMÓVIL;5;PARTICULAR, TAXI, COMERCIAL
ACURA;MDX;CAMIONETA RURAL / SUV;5;PARTICULAR, TAXI, COMERCIAL, TRANSPORTE DE PERSONAL
ACURA;RDX;CAMIONETA RURAL / SUV;5;PARTICULAR, TAXI, COMERCIAL, TRANSPORTE DE PERSONAL
ACURA;ZDX;CAMIONETA RURAL / SUV;5;PARTICULAR, TAXI, COMERCIAL, TRANSPORTE DE PERSONAL
AUDI;Q2;CAMIONETA RURAL / SUV;5;PARTICULAR, TAXI, COMERCIAL, TRANSPORTE DE PERSONAL
AUDI;Q3;CAMIONETA RURAL / SUV;5;PARTICULAR, TAXI, COMERCIAL, TRANSPORTE DE PERSONAL
AUDI;Q5;CAMIONETA RURAL / SUV;5;PARTICULAR, TAXI, COMERCIAL, TRANSPORTE DE PERSONAL
AUDI;Q7;CAMIONETA RURAL / SUV;5;PARTICULAR, TAXI, COMERCIAL, TRANSPORTE DE PERSONAL
AUDI;Q8;CAMIONETA RURAL / SUV;5;PARTICULAR, TAXI, COMERCIAL, TRANSPORTE DE PERSONAL
AUDI;E-TRON;CAMIONETA RURAL / SUV;5;PARTICULAR, TAXI, COMERCIAL, TRANSPORTE DE PERSONAL
BAIC;X25;CAMIONETA RURAL / SUV;5;PARTICULAR, TAXI, COMERCIAL, TRANSPORTE DE PERSONAL
BAIC;X35;CAMIONETA RURAL / SUV;5;PARTICULAR, TAXI, COMERCIAL, TRANSPORTE DE PERSONAL
BAIC;X55;CAMIONETA RURAL / SUV;5;PARTICULAR, TAXI, COMERCIAL, TRANSPORTE DE PERSONAL
BAIC;BJ40;CAMIONETA RURAL / SUV;5;PARTICULAR, TAXI, COMERCIAL, TRANSPORTE DE PERSONAL
BMW;X1;CAMIONETA RURAL / SUV;5;PARTICULAR, TAXI, COMERCIAL, TRANSPORTE DE PERSONAL
BMW;X2;CAMIONETA RURAL / SUV;5;PARTICULAR, TAXI, COMERCIAL, TRANSPORTE DE PERSONAL
BMW;X3;CAMIONETA RURAL / SUV;5;PARTICULAR, TAXI, COMERCIAL, TRANSPORTE DE PERSONAL
BMW;X4;CAMIONETA RURAL / SUV;5;PARTICULAR, TAXI, COMERCIAL, TRANSPORTE DE PERSONAL
BMW;X5;CAMIONETA RURAL / SUV;5;PARTICULAR, TAXI, COMERCIAL, TRANSPORTE DE PERSONAL
BMW;X6;CAMIONETA RURAL / SUV;5;PARTICULAR, TAXI, COMERCIAL, TRANSPORTE DE PERSONAL
BMW;X7;CAMIONETA RURAL / SUV;5;PARTICULAR, TAXI, COMERCIAL, TRANSPORTE DE PERSONAL
BRILLIANCE;V3;CAMIONETA RURAL / SUV;5;PARTICULAR, TAXI, COMERCIAL, TRANSPORTE DE PERSONAL
BRILLIANCE;V5;CAMIONETA RURAL / SUV;5;PARTICULAR, TAXI, COMERCIAL, TRANSPORTE DE PERSONAL
BYD;S6;CAMIONETA RURAL / SUV;5;PARTICULAR, TAXI, COMERCIAL, TRANSPORTE DE PERSONAL
BYD;YUAN;CAMIONETA RURAL / SUV;5;PARTICULAR, TAXI, COMERCIAL, TRANSPORTE DE PERSONAL
BYD;SONG;CAMIONETA RURAL / SUV;5;PARTICULAR, TAXI, COMERCIAL, TRANSPORTE DE PERSONAL
BYD;TANG;CAMIONETA RURAL / SUV;5;PARTICULAR, TAXI, COMERCIAL, TRANSPORTE DE PERSONAL
BYD;ATTO 3;CAMIONETA RURAL / SUV;5;PARTICULAR, TAXI, COMERCIAL, TRANSPORTE DE PERSONAL
CHANA;CX20;CAMIONETA RURAL / SUV;5;PARTICULAR, TAXI, COMERCIAL, TRANSPORTE DE PERSONAL
CHANA;CX70;CAMIONETA RURAL / SUV;5;PARTICULAR, TAXI, COMERCIAL, TRANSPORTE DE PERSONAL
CHANA;MINIVAN;CAMIONETA RURAL / SUV;5;PARTICULAR, TAXI, COMERCIAL, TRANSPORTE DE PERSONAL
CHANA;NEW SUPERVAN;CAMIONETA RURAL / SUV;5;PARTICULAR, TAXI, COMERCIAL, TRANSPORTE DE PERSONAL
CHANA;NEW VAN;CAMIONETA RURAL / SUV;5;PARTICULAR, TAXI, COMERCIAL, TRANSPORTE DE PERSONAL
CHANA;SC6360F;CAMIONETA RURAL / SUV;5;PARTICULAR, TAXI, COMERCIAL, TRANSPORTE DE PERSONAL
CHANA;SC6363B3;CAMIONETA RURAL / SUV;5;PARTICULAR, TAXI, COMERCIAL, TRANSPORTE DE PERSONAL
CHANA;SC6363B4;CAMIONETA RURAL / SUV;5;PARTICULAR, TAXI, COMERCIAL, TRANSPORTE DE PERSONAL
CHANA;SUPERVAN;CAMIONETA RURAL / SUV;5;PARTICULAR, TAXI, COMERCIAL, TRANSPORTE DE PERSONAL
CHANA;GRAND VAN TURISMO;CAMIONETA RURAL / SUV;5;PARTICULAR, TAXI, COMERCIAL, TRANSPORTE DE PERSONAL
CHANGAN;CS15;CAMIONETA RURAL / SUV;5;PARTICULAR, TAXI, COMERCIAL, TRANSPORTE DE PERSONAL
CHANGAN;CS35;CAMIONETA RURAL / SUV;5;PARTICULAR, TAXI, COMERCIAL, TRANSPORTE DE PERSONAL
CHANGAN;CS55;CAMIONETA RURAL / SUV;5;PARTICULAR, TAXI, COMERCIAL, TRANSPORTE DE PERSONAL
CHANGAN;CS75;CAMIONETA RURAL / SUV;5;PARTICULAR, TAXI, COMERCIAL, TRANSPORTE DE PERSONAL
CHANGAN;CS85;CAMIONETA RURAL / SUV;5;PARTICULAR, TAXI, COMERCIAL, TRANSPORTE DE PERSONAL
CHANGAN;CS95;CAMIONETA RURAL / SUV;5;PARTICULAR, TAXI, COMERCIAL, TRANSPORTE DE PERSONAL
CHANGAN;CX70;CAMIONETA RURAL / SUV;5;PARTICULAR, TAXI, COMERCIAL, TRANSPORTE DE PERSONAL
CHANGAN;HUNTER;CAMIONETA RURAL / SUV;5;PARTICULAR, TAXI, COMERCIAL, TRANSPORTE DE PERSONAL
CHERY;BEAT;CAMIONETA RURAL / SUV;5;PARTICULAR, TAXI, COMERCIAL, TRANSPORTE DE PERSONAL
CHERY;K60;CAMIONETA RURAL / SUV;5;PARTICULAR, TAXI, COMERCIAL, TRANSPORTE DE PERSONAL
CHERY;TIGGO;CAMIONETA RURAL / SUV;5;PARTICULAR, TAXI, COMERCIAL, TRANSPORTE DE PERSONAL
CHERY;TIGGO 2;CAMIONETA RURAL / SUV;5;PARTICULAR, TAXI, COMERCIAL, TRANSPORTE DE PERSONAL
CHERY;TIGGO 3;CAMIONETA RURAL / SUV;5;PARTICULAR, TAXI, COMERCIAL, TRANSPORTE DE PERSONAL
CHERY;TIGGO 4;CAMIONETA RURAL / SUV;5;PARTICULAR, TAXI, COMERCIAL, TRANSPORTE DE PERSONAL
CHERY;TIGGO 5;CAMIONETA RURAL / SUV;5;PARTICULAR, TAXI, COMERCIAL, TRANSPORTE DE PERSONAL
CHERY;TIGGO 7;CAMIONETA RURAL / SUV;5;PARTICULAR, TAXI, COMERCIAL, TRANSPORTE DE PERSONAL
CHERY;TIGGO 8;CAMIONETA RURAL / SUV;5;PARTICULAR, TAXI, COMERCIAL, TRANSPORTE DE PERSONAL
CHEVROLET;BLAZER;CAMIONETA RURAL / SUV;5;PARTICULAR, TAXI, COMERCIAL, TRANSPORTE DE PERSONAL
CHEVROLET;CAPTIVA;CAMIONETA RURAL / SUV;5;PARTICULAR, TAXI, COMERCIAL, TRANSPORTE DE PERSONAL
CHEVROLET;CHEVY;CAMIONETA RURAL / SUV;5;PARTICULAR, TAXI, COMERCIAL, TRANSPORTE DE PERSONAL
CHEVROLET;EQUINOX;CAMIONETA RURAL / SUV;5;PARTICULAR, TAXI, COMERCIAL, TRANSPORTE DE PERSONAL
CHEVROLET;HHR;CAMIONETA RURAL / SUV;5;PARTICULAR, TAXI, COMERCIAL, TRANSPORTE DE PERSONAL
CHEVROLET;LUMINA;CAMIONETA RURAL / SUV;5;PARTICULAR, TAXI, COMERCIAL, TRANSPORTE DE PERSONAL
CHEVROLET;S10;CAMIONETA RURAL / SUV;5;PARTICULAR, TAXI, COMERCIAL, TRANSPORTE DE PERSONAL
CHEVROLET;TAHOE;CAMIONETA RURAL / SUV;5;PARTICULAR, TAXI, COMERCIAL, TRANSPORTE DE PERSONAL
CHEVROLET;TRACKER;CAMIONETA RURAL / SUV;5;PARTICULAR, TAXI, COMERCIAL, TRANSPORTE DE PERSONAL
CHEVROLET;TRAILBLAZER;CAMIONETA RURAL / SUV;5;PARTICULAR, TAXI, COMERCIAL, TRANSPORTE DE PERSONAL
CHEVROLET;TROOPER;CAMIONETA RURAL / SUV;5;PARTICULAR, TAXI, COMERCIAL, TRANSPORTE DE PERSONAL
CHEVROLET;UPLANDER;CAMIONETA RURAL / SUV;5;PARTICULAR, TAXI, COMERCIAL, TRANSPORTE DE PERSONAL
CHEVROLET;VENTURE;CAMIONETA RURAL / SUV;5;PARTICULAR, TAXI, COMERCIAL, TRANSPORTE DE PERSONAL
CHEVROLET;ZAFIRA;CAMIONETA RURAL / SUV;5;PARTICULAR, TAXI, COMERCIAL, TRANSPORTE DE PERSONAL
CHEVROLET;SPIN;CAMIONETA RURAL / SUV;5;PARTICULAR, TAXI, COMERCIAL, TRANSPORTE DE PERSONAL
CHEVROLET;TRUCKER;CAMIONETA RURAL / SUV;5;PARTICULAR, TAXI, COMERCIAL, TRANSPORTE DE PERSONAL
CHRYSLER;CARAVAN;CAMIONETA RURAL / SUV;5;PARTICULAR, TAXI, COMERCIAL, TRANSPORTE DE PERSONAL
CHRYSLER;PACIFICA;CAMIONETA RURAL / SUV;5;PARTICULAR, TAXI, COMERCIAL, TRANSPORTE DE PERSONAL
CHRYSLER;TOWN & COUNTRY;CAMIONETA RURAL / SUV;5;PARTICULAR, TAXI, COMERCIAL, TRANSPORTE DE PERSONAL
CHRYSLER;VOYAGER;CAMIONETA RURAL / SUV;5;PARTICULAR, TAXI, COMERCIAL, TRANSPORTE DE PERSONAL
CITROEN;AIRCROSS;CAMIONETA RURAL / SUV;5;PARTICULAR, TAXI, COMERCIAL, TRANSPORTE DE PERSONAL
CITROEN;C5 AIRCROSS;CAMIONETA RURAL / SUV;5;PARTICULAR, TAXI, COMERCIAL, TRANSPORTE DE PERSONAL
CITROEN;C4;CAMIONETA RURAL / SUV;5;PARTICULAR, TAXI, COMERCIAL, TRANSPORTE DE PERSONAL
DAEWOO;MUSSO;CAMIONETA RURAL / SUV;5;PARTICULAR, TAXI, COMERCIAL, TRANSPORTE DE PERSONAL
DAEWOO;REZZO;CAMIONETA RURAL / SUV;5;PARTICULAR, TAXI, COMERCIAL, TRANSPORTE DE PERSONAL
DAEWOO;WINSTORM;CAMIONETA RURAL / SUV;5;PARTICULAR, TAXI, COMERCIAL, TRANSPORTE DE PERSONAL
DAIHATSU;FEROZA;CAMIONETA RURAL / SUV;5;PARTICULAR, TAXI, COMERCIAL, TRANSPORTE DE PERSONAL
DAIHATSU;GRAN MOVE;CAMIONETA RURAL / SUV;5;PARTICULAR, TAXI, COMERCIAL, TRANSPORTE DE PERSONAL
DAIHATSU;ROCKY;CAMIONETA RURAL / SUV;5;PARTICULAR, TAXI, COMERCIAL, TRANSPORTE DE PERSONAL
DAIHATSU;TERIOS;CAMIONETA RURAL / SUV;5;PARTICULAR, TAXI, COMERCIAL, TRANSPORTE DE PERSONAL
DATSUN;UL-720;CAMIONETA RURAL / SUV;5;PARTICULAR, TAXI, COMERCIAL, TRANSPORTE DE PERSONAL
DODGE;DURANGO;CAMIONETA RURAL / SUV;5;PARTICULAR, TAXI, COMERCIAL, TRANSPORTE DE PERSONAL
DODGE;JOURNEY;CAMIONETA RURAL / SUV;5;PARTICULAR, TAXI, COMERCIAL, TRANSPORTE DE PERSONAL
DODGE;RAM 3500;CAMIONETA RURAL / SUV;5;PARTICULAR, TAXI, COMERCIAL, TRANSPORTE DE PERSONAL
DONGFENG;JOYEAR X3;CAMIONETA RURAL / SUV;5;PARTICULAR, TAXI, COMERCIAL, TRANSPORTE DE PERSONAL
DONGFENG;T5 EVO;CAMIONETA RURAL / SUV;5;PARTICULAR, TAXI, COMERCIAL, TRANSPORTE DE PERSONAL
DONGFENG;T5L;CAMIONETA RURAL / SUV;5;PARTICULAR, TAXI, COMERCIAL, TRANSPORTE DE PERSONAL
DONGFENG;K61;CAMIONETA RURAL / SUV;5;PARTICULAR, TAXI, COMERCIAL, TRANSPORTE DE PERSONAL
FAW;R7;CAMIONETA RURAL / SUV;5;PARTICULAR, TAXI, COMERCIAL, TRANSPORTE DE PERSONAL
FAW;T33;CAMIONETA RURAL / SUV;5;PARTICULAR, TAXI, COMERCIAL, TRANSPORTE DE PERSONAL
FAW;T80;CAMIONETA RURAL / SUV;5;PARTICULAR, TAXI, COMERCIAL, TRANSPORTE DE PERSONAL
FAW;V77;CAMIONETA RURAL / SUV;5;PARTICULAR, TAXI, COMERCIAL, TRANSPORTE DE PERSONAL
FOTON;SAUVANA;CAMIONETA RURAL / SUV;5;PARTICULAR, TAXI, COMERCIAL, TRANSPORTE DE PERSONAL
FOTON;TUNLAND;CAMIONETA RURAL / SUV;5;PARTICULAR, TAXI, COMERCIAL, TRANSPORTE DE PERSONAL
FORD;ECOSPORT;CAMIONETA RURAL / SUV;5;PARTICULAR, TAXI, COMERCIAL, TRANSPORTE DE PERSONAL
FORD;EDGE;CAMIONETA RURAL / SUV;5;PARTICULAR, TAXI, COMERCIAL, TRANSPORTE DE PERSONAL
FORD;ESCAPE;CAMIONETA RURAL / SUV;5;PARTICULAR, TAXI, COMERCIAL, TRANSPORTE DE PERSONAL
FORD;EXPEDITION;CAMIONETA RURAL / SUV;5;PARTICULAR, TAXI, COMERCIAL, TRANSPORTE DE PERSONAL
FORD;EXPLORER;CAMIONETA RURAL / SUV;5;PARTICULAR, TAXI, COMERCIAL, TRANSPORTE DE PERSONAL
FORD;EVEREST;CAMIONETA RURAL / SUV;5;PARTICULAR, TAXI, COMERCIAL, TRANSPORTE DE PERSONAL
FORD;TERRITORY;CAMIONETA RURAL / SUV;5;PARTICULAR, TAXI, COMERCIAL, TRANSPORTE DE PERSONAL
FORD;E350;CAMIONETA RURAL / SUV;5;PARTICULAR, TAXI, COMERCIAL, TRANSPORTE DE PERSONAL
FORD;E-350;CAMIONETA RURAL / SUV;5;PARTICULAR, TAXI, COMERCIAL, TRANSPORTE DE PERSONAL
FORD;BRONCO;CAMIONETA RURAL / SUV;5;PARTICULAR, TAXI, COMERCIAL, TRANSPORTE DE PERSONAL
GEELY;GX2;CAMIONETA RURAL / SUV;5;PARTICULAR, TAXI, COMERCIAL, TRANSPORTE DE PERSONAL
GEELY;EMGRAND X7;CAMIONETA RURAL / SUV;5;PARTICULAR, TAXI, COMERCIAL, TRANSPORTE DE PERSONAL
GEELY;COOLRAY;CAMIONETA RURAL / SUV;5;PARTICULAR, TAXI, COMERCIAL, TRANSPORTE DE PERSONAL
GREAT WALL;H1;CAMIONETA RURAL / SUV;5;PARTICULAR, TAXI, COMERCIAL, TRANSPORTE DE PERSONAL
GREAT WALL;H2;CAMIONETA RURAL / SUV;5;PARTICULAR, TAXI, COMERCIAL, TRANSPORTE DE PERSONAL
GREAT WALL;H5;CAMIONETA RURAL / SUV;5;PARTICULAR, TAXI, COMERCIAL, TRANSPORTE DE PERSONAL
GREAT WALL;H6;CAMIONETA RURAL / SUV;5;PARTICULAR, TAXI, COMERCIAL, TRANSPORTE DE PERSONAL
GREAT WALL;H9;CAMIONETA RURAL / SUV;5;PARTICULAR, TAXI, COMERCIAL, TRANSPORTE DE PERSONAL
GREAT WALL;WINGLE;CAMIONETA RURAL / SUV;5;PARTICULAR, TAXI, COMERCIAL, TRANSPORTE DE PERSONAL
HAVAL;H1;CAMIONETA RURAL / SUV;5;PARTICULAR, TAXI, COMERCIAL, TRANSPORTE DE PERSONAL
HAVAL;H2;CAMIONETA RURAL / SUV;5;PARTICULAR, TAXI, COMERCIAL, TRANSPORTE DE PERSONAL
HAVAL;H5;CAMIONETA RURAL / SUV;5;PARTICULAR, TAXI, COMERCIAL, TRANSPORTE DE PERSONAL
HAVAL;H6;CAMIONETA RURAL / SUV;5;PARTICULAR, TAXI, COMERCIAL, TRANSPORTE DE PERSONAL
HAVAL;H9;CAMIONETA RURAL / SUV;5;PARTICULAR, TAXI, COMERCIAL, TRANSPORTE DE PERSONAL
HAVAL;JOLION;CAMIONETA RURAL / SUV;5;PARTICULAR, TAXI, COMERCIAL, TRANSPORTE DE PERSONAL
HAVAL;DARGO;CAMIONETA RURAL / SUV;5;PARTICULAR, TAXI, COMERCIAL, TRANSPORTE DE PERSONAL
HONDA;CR-V;CAMIONETA RURAL / SUV;5;PARTICULAR, TAXI, COMERCIAL, TRANSPORTE DE PERSONAL
HONDA;HR-V;CAMIONETA RURAL / SUV;5;PARTICULAR, TAXI, COMERCIAL, TRANSPORTE DE PERSONAL
HONDA;ELEMENT;CAMIONETA RURAL / SUV;5;PARTICULAR, TAXI, COMERCIAL, TRANSPORTE DE PERSONAL
HONDA;PILOT;CAMIONETA RURAL / SUV;5;PARTICULAR, TAXI, COMERCIAL, TRANSPORTE DE PERSONAL
HONDA;RIDGELINE;CAMIONETA RURAL / SUV;5;PARTICULAR, TAXI, COMERCIAL, TRANSPORTE DE PERSONAL
HONDA;WR-V;CAMIONETA RURAL / SUV;5;PARTICULAR, TAXI, COMERCIAL, TRANSPORTE DE PERSONAL
HYUNDAI;CRETA;CAMIONETA RURAL / SUV;5;PARTICULAR, TAXI, COMERCIAL, TRANSPORTE DE PERSONAL
HYUNDAI;SANTA FE;CAMIONETA RURAL / SUV;5;PARTICULAR, TAXI, COMERCIAL, TRANSPORTE DE PERSONAL
HYUNDAI;TUCSON;CAMIONETA RURAL / SUV;5;PARTICULAR, TAXI, COMERCIAL, TRANSPORTE DE PERSONAL
HYUNDAI;VENUE;CAMIONETA RURAL / SUV;5;PARTICULAR, TAXI, COMERCIAL, TRANSPORTE DE PERSONAL
HYUNDAI;KONA;CAMIONETA RURAL / SUV;5;PARTICULAR, TAXI, COMERCIAL, TRANSPORTE DE PERSONAL
HYUNDAI;TERRACAN;CAMIONETA RURAL / SUV;5;PARTICULAR, TAXI, COMERCIAL, TRANSPORTE DE PERSONAL
HYUNDAI;VERACRUZ;CAMIONETA RURAL / SUV;5;PARTICULAR, TAXI, COMERCIAL, TRANSPORTE DE PERSONAL
HYUNDAI;STARIA;CAMIONETA RURAL / SUV;5;PARTICULAR, TAXI, COMERCIAL, TRANSPORTE DE PERSONAL
INFINITI;EX35;CAMIONETA RURAL / SUV;5;PARTICULAR, TAXI, COMERCIAL, TRANSPORTE DE PERSONAL
INFINITI;FX35;CAMIONETA RURAL / SUV;5;PARTICULAR, TAXI, COMERCIAL, TRANSPORTE DE PERSONAL
INFINITI;FX50;CAMIONETA RURAL / SUV;5;PARTICULAR, TAXI, COMERCIAL, TRANSPORTE DE PERSONAL
INFINITI;QX30;CAMIONETA RURAL / SUV;5;PARTICULAR, TAXI, COMERCIAL, TRANSPORTE DE PERSONAL
INFINITI;QX50;CAMIONETA RURAL / SUV;5;PARTICULAR, TAXI, COMERCIAL, TRANSPORTE DE PERSONAL
INFINITI;QX60;CAMIONETA RURAL / SUV;5;PARTICULAR, TAXI, COMERCIAL, TRANSPORTE DE PERSONAL
INFINITI;QX70;CAMIONETA RURAL / SUV;5;PARTICULAR, TAXI, COMERCIAL, TRANSPORTE DE PERSONAL
INFINITI;QX80;CAMIONETA RURAL / SUV;5;PARTICULAR, TAXI, COMERCIAL, TRANSPORTE DE PERSONAL
ISUZU;MU-X;CAMIONETA RURAL / SUV;5;PARTICULAR, TAXI, COMERCIAL, TRANSPORTE DE PERSONAL
ISUZU;TROOPER;CAMIONETA RURAL / SUV;5;PARTICULAR, TAXI, COMERCIAL, TRANSPORTE DE PERSONAL
ISUZU;WIZARD;CAMIONETA RURAL / SUV;5;PARTICULAR, TAXI, COMERCIAL, TRANSPORTE DE PERSONAL
ISUZU;FARGO;CAMIONETA RURAL / SUV;5;PARTICULAR, TAXI, COMERCIAL, TRANSPORTE DE PERSONAL
ISUZU;RODEO;CAMIONETA RURAL / SUV;5;PARTICULAR, TAXI, COMERCIAL, TRANSPORTE DE PERSONAL
JEEP;CHEROKEE;CAMIONETA RURAL / SUV;5;PARTICULAR, TAXI, COMERCIAL, TRANSPORTE DE PERSONAL
JEEP;COMPASS;CAMIONETA RURAL / SUV;5;PARTICULAR, TAXI, COMERCIAL, TRANSPORTE DE PERSONAL
JEEP;GRAND CHEROKEE;CAMIONETA RURAL / SUV;5;PARTICULAR, TAXI, COMERCIAL, TRANSPORTE DE PERSONAL
JEEP;LIBERTY;CAMIONETA RURAL / SUV;5;PARTICULAR, TAXI, COMERCIAL, TRANSPORTE DE PERSONAL
JEEP;RENEGADE;CAMIONETA RURAL / SUV;5;PARTICULAR, TAXI, COMERCIAL, TRANSPORTE DE PERSONAL
JEEP;WRANGLER;CAMIONETA RURAL / SUV;5;PARTICULAR, TAXI, COMERCIAL, TRANSPORTE DE PERSONAL
KIA;CARENS;CAMIONETA RURAL / SUV;5;PARTICULAR, TAXI, COMERCIAL, TRANSPORTE DE PERSONAL
KIA;CARNIVAL;CAMIONETA RURAL / SUV;5;PARTICULAR, TAXI, COMERCIAL, TRANSPORTE DE PERSONAL
KIA;SELTOS;CAMIONETA RURAL / SUV;5;PARTICULAR, TAXI, COMERCIAL, TRANSPORTE DE PERSONAL
KIA;SORENTO;CAMIONETA RURAL / SUV;5;PARTICULAR, TAXI, COMERCIAL, TRANSPORTE DE PERSONAL
KIA;SOUL;CAMIONETA RURAL / SUV;5;PARTICULAR, TAXI, COMERCIAL, TRANSPORTE DE PERSONAL
KIA;SPORTAGE;CAMIONETA RURAL / SUV;5;PARTICULAR, TAXI, COMERCIAL, TRANSPORTE DE PERSONAL
KIA;TELLURIDE;CAMIONETA RURAL / SUV;5;PARTICULAR, TAXI, COMERCIAL, TRANSPORTE DE PERSONAL
LADA;NIVA;CAMIONETA RURAL / SUV;5;PARTICULAR, TAXI, COMERCIAL, TRANSPORTE DE PERSONAL
LAND ROVER;DEFENDER;CAMIONETA RURAL / SUV;5;PARTICULAR, TAXI, COMERCIAL, TRANSPORTE DE PERSONAL
LAND ROVER;DISCOVERY;CAMIONETA RURAL / SUV;5;PARTICULAR, TAXI, COMERCIAL, TRANSPORTE DE PERSONAL
LAND ROVER;DISCOVERY SPORT;CAMIONETA RURAL / SUV;5;PARTICULAR, TAXI, COMERCIAL, TRANSPORTE DE PERSONAL
LAND ROVER;FREELANDER;CAMIONETA RURAL / SUV;5;PARTICULAR, TAXI, COMERCIAL, TRANSPORTE DE PERSONAL
LAND ROVER;RANGE ROVER;CAMIONETA RURAL / SUV;5;PARTICULAR, TAXI, COMERCIAL, TRANSPORTE DE PERSONAL
LAND ROVER;RANGE ROVER EVOQUE;CAMIONETA RURAL / SUV;5;PARTICULAR, TAXI, COMERCIAL, TRANSPORTE DE PERSONAL
LAND ROVER;RANGE ROVER SPORT;CAMIONETA RURAL / SUV;5;PARTICULAR, TAXI, COMERCIAL, TRANSPORTE DE PERSONAL
MAZDA;CX-3;CAMIONETA RURAL / SUV;5;PARTICULAR, TAXI, COMERCIAL, TRANSPORTE DE PERSONAL
MAZDA;CX-30;CAMIONETA RURAL / SUV;5;PARTICULAR, TAXI, COMERCIAL, TRANSPORTE DE PERSONAL
MAZDA;CX-5;CAMIONETA RURAL / SUV;5;PARTICULAR, TAXI, COMERCIAL, TRANSPORTE DE PERSONAL
MAZDA;CX-7;CAMIONETA RURAL / SUV;5;PARTICULAR, TAXI, COMERCIAL, TRANSPORTE DE PERSONAL
MAZDA;CX-9;CAMIONETA RURAL / SUV;5;PARTICULAR, TAXI, COMERCIAL, TRANSPORTE DE PERSONAL
MAZDA;TRIBUTE;CAMIONETA RURAL / SUV;5;PARTICULAR, TAXI, COMERCIAL, TRANSPORTE DE PERSONAL
MAZDA;PROCEED;CAMIONETA RURAL / SUV;5;PARTICULAR, TAXI, COMERCIAL, TRANSPORTE DE PERSONAL
MERCEDES-BENZ;GLA180;CAMIONETA RURAL / SUV;5;PARTICULAR, TAXI, COMERCIAL, TRANSPORTE DE PERSONAL
MERCEDES-BENZ;GLA200;CAMIONETA RURAL / SUV;5;PARTICULAR, TAXI, COMERCIAL, TRANSPORTE DE PERSONAL
MERCEDES-BENZ;GLC200;CAMIONETA RURAL / SUV;5;PARTICULAR, TAXI, COMERCIAL, TRANSPORTE DE PERSONAL
MERCEDES-BENZ;GLC300;CAMIONETA RURAL / SUV;5;PARTICULAR, TAXI, COMERCIAL, TRANSPORTE DE PERSONAL
MERCEDES-BENZ;GLE350;CAMIONETA RURAL / SUV;5;PARTICULAR, TAXI, COMERCIAL, TRANSPORTE DE PERSONAL
MERCEDES-BENZ;GLE400;CAMIONETA RURAL / SUV;5;PARTICULAR, TAXI, COMERCIAL, TRANSPORTE DE PERSONAL
MERCEDES-BENZ;GLE450;CAMIONETA RURAL / SUV;5;PARTICULAR, TAXI, COMERCIAL, TRANSPORTE DE PERSONAL
MERCEDES-BENZ;GLE63;CAMIONETA RURAL / SUV;5;PARTICULAR, TAXI, COMERCIAL, TRANSPORTE DE PERSONAL
MERCEDES-BENZ;GL400;CAMIONETA RURAL / SUV;5;PARTICULAR, TAXI, COMERCIAL, TRANSPORTE DE PERSONAL
MERCEDES-BENZ;GL500;CAMIONETA RURAL / SUV;5;PARTICULAR, TAXI, COMERCIAL, TRANSPORTE DE PERSONAL
MERCEDES-BENZ;ML350;CAMIONETA RURAL / SUV;5;PARTICULAR, TAXI, COMERCIAL, TRANSPORTE DE PERSONAL
MERCEDES-BENZ;ML500;CAMIONETA RURAL / SUV;5;PARTICULAR, TAXI, COMERCIAL, TRANSPORTE DE PERSONAL
MERCEDES-BENZ;G500;CAMIONETA RURAL / SUV;5;PARTICULAR, TAXI, COMERCIAL, TRANSPORTE DE PERSONAL
MERCEDES-BENZ;G63;CAMIONETA RURAL / SUV;5;PARTICULAR, TAXI, COMERCIAL, TRANSPORTE DE PERSONAL
MG;ZS;CAMIONETA RURAL / SUV;5;PARTICULAR, TAXI, COMERCIAL, TRANSPORTE DE PERSONAL
MG;HS;CAMIONETA RURAL / SUV;5;PARTICULAR, TAXI, COMERCIAL, TRANSPORTE DE PERSONAL
MG;RX5;CAMIONETA RURAL / SUV;5;PARTICULAR, TAXI, COMERCIAL, TRANSPORTE DE PERSONAL
MG;MARVEL R;CAMIONETA RURAL / SUV;5;PARTICULAR, TAXI, COMERCIAL, TRANSPORTE DE PERSONAL
MITSUBISHI;AIRTREK;CAMIONETA RURAL / SUV;5;PARTICULAR, TAXI, COMERCIAL, TRANSPORTE DE PERSONAL
MITSUBISHI;ASX;CAMIONETA RURAL / SUV;5;PARTICULAR, TAXI, COMERCIAL, TRANSPORTE DE PERSONAL
MITSUBISHI;DELICA;CAMIONETA RURAL / SUV;5;PARTICULAR, TAXI, COMERCIAL, TRANSPORTE DE PERSONAL
MITSUBISHI;MONTERO;CAMIONETA RURAL / SUV;5;PARTICULAR, TAXI, COMERCIAL, TRANSPORTE DE PERSONAL
MITSUBISHI;OUTLANDER;CAMIONETA RURAL / SUV;5;PARTICULAR, TAXI, COMERCIAL, TRANSPORTE DE PERSONAL
MITSUBISHI;PAJERO;CAMIONETA RURAL / SUV;5;PARTICULAR, TAXI, COMERCIAL, TRANSPORTE DE PERSONAL
MITSUBISHI;PAJERO SPORT;CAMIONETA RURAL / SUV;5;PARTICULAR, TAXI, COMERCIAL, TRANSPORTE DE PERSONAL
MINI;COUNTRYMAN;CAMIONETA RURAL / SUV;5;PARTICULAR, TAXI, COMERCIAL, TRANSPORTE DE PERSONAL
MINI;PACEMAN;CAMIONETA RURAL / SUV;5;PARTICULAR, TAXI, COMERCIAL, TRANSPORTE DE PERSONAL
NISSAN;ARMADA;CAMIONETA RURAL / SUV;5;PARTICULAR, TAXI, COMERCIAL, TRANSPORTE DE PERSONAL
NISSAN;CARAVAN;CAMIONETA RURAL / SUV;5;PARTICULAR, TAXI, COMERCIAL, TRANSPORTE DE PERSONAL
NISSAN;CUBE;CAMIONETA RURAL / SUV;5;PARTICULAR, TAXI, COMERCIAL, TRANSPORTE DE PERSONAL
NISSAN;DUALIS;CAMIONETA RURAL / SUV;5;PARTICULAR, TAXI, COMERCIAL, TRANSPORTE DE PERSONAL
NISSAN;ELGRAND;CAMIONETA RURAL / SUV;5;PARTICULAR, TAXI, COMERCIAL, TRANSPORTE DE PERSONAL
NISSAN;JUKE;CAMIONETA RURAL / SUV;5;PARTICULAR, TAXI, COMERCIAL, TRANSPORTE DE PERSONAL
NISSAN;KICKS;CAMIONETA RURAL / SUV;5;PARTICULAR, TAXI, COMERCIAL, TRANSPORTE DE PERSONAL
NISSAN;MISTRAL;CAMIONETA RURAL / SUV;5;PARTICULAR, TAXI, COMERCIAL, TRANSPORTE DE PERSONAL
NISSAN;MURANO;CAMIONETA RURAL / SUV;5;PARTICULAR, TAXI, COMERCIAL, TRANSPORTE DE PERSONAL
NISSAN;PATHFINDER;CAMIONETA RURAL / SUV;5;PARTICULAR, TAXI, COMERCIAL, TRANSPORTE DE PERSONAL
NISSAN;QASHQAI;CAMIONETA RURAL / SUV;5;PARTICULAR, TAXI, COMERCIAL, TRANSPORTE DE PERSONAL
NISSAN;TERRANO;CAMIONETA RURAL / SUV;5;PARTICULAR, TAXI, COMERCIAL, TRANSPORTE DE PERSONAL
NISSAN;X-TRAIL;CAMIONETA RURAL / SUV;5;PARTICULAR, TAXI, COMERCIAL, TRANSPORTE DE PERSONAL
NISSAN;VANETTE;CAMIONETA RURAL / SUV;5;PARTICULAR, TAXI, COMERCIAL, TRANSPORTE DE PERSONAL
PEUGEOT;2008;CAMIONETA RURAL / SUV;5;PARTICULAR, TAXI, COMERCIAL, TRANSPORTE DE PERSONAL
PEUGEOT;3008;CAMIONETA RURAL / SUV;5;PARTICULAR, TAXI, COMERCIAL, TRANSPORTE DE PERSONAL
PEUGEOT;5008;CAMIONETA RURAL / SUV;5;PARTICULAR, TAXI, COMERCIAL, TRANSPORTE DE PERSONAL
PEUGEOT;TRAVELLER;CAMIONETA RURAL / SUV;5;PARTICULAR, TAXI, COMERCIAL, TRANSPORTE DE PERSONAL
PEUGEOT;TEPEE;CAMIONETA RURAL / SUV;5;PARTICULAR, TAXI, COMERCIAL, TRANSPORTE DE PERSONAL
PORSCHE;CAYENNE;CAMIONETA RURAL / SUV;5;PARTICULAR, TAXI, COMERCIAL, TRANSPORTE DE PERSONAL
PORSCHE;MACAN;CAMIONETA RURAL / SUV;5;PARTICULAR, TAXI, COMERCIAL, TRANSPORTE DE PERSONAL
RENAULT;CAPTUR;CAMIONETA RURAL / SUV;5;PARTICULAR, TAXI, COMERCIAL, TRANSPORTE DE PERSONAL
RENAULT;DUSTER;CAMIONETA RURAL / SUV;5;PARTICULAR, TAXI, COMERCIAL, TRANSPORTE DE PERSONAL
RENAULT;KOLEOS;CAMIONETA RURAL / SUV;5;PARTICULAR, TAXI, COMERCIAL, TRANSPORTE DE PERSONAL
RENAULT;OROCH;CAMIONETA RURAL / SUV;5;PARTICULAR, TAXI, COMERCIAL, TRANSPORTE DE PERSONAL
RENAULT;SCENIC;CAMIONETA RURAL / SUV;5;PARTICULAR, TAXI, COMERCIAL, TRANSPORTE DE PERSONAL
SSANGYONG;ACTYON;CAMIONETA RURAL / SUV;5;PARTICULAR, TAXI, COMERCIAL, TRANSPORTE DE PERSONAL
SSANGYONG;KORANDO;CAMIONETA RURAL / SUV;5;PARTICULAR, TAXI, COMERCIAL, TRANSPORTE DE PERSONAL
SSANGYONG;KYRON;CAMIONETA RURAL / SUV;5;PARTICULAR, TAXI, COMERCIAL, TRANSPORTE DE PERSONAL
SSANGYONG;MUSSO;CAMIONETA RURAL / SUV;5;PARTICULAR, TAXI, COMERCIAL, TRANSPORTE DE PERSONAL
SSANGYONG;REXTON;CAMIONETA RURAL / SUV;5;PARTICULAR, TAXI, COMERCIAL, TRANSPORTE DE PERSONAL
SSANGYONG;RODIUS;CAMIONETA RURAL / SUV;5;PARTICULAR, TAXI, COMERCIAL, TRANSPORTE DE PERSONAL
SSANGYONG;TIVOLI;CAMIONETA RURAL / SUV;5;PARTICULAR, TAXI, COMERCIAL, TRANSPORTE DE PERSONAL
SSANGYONG;XLV;CAMIONETA RURAL / SUV;5;PARTICULAR, TAXI, COMERCIAL, TRANSPORTE DE PERSONAL
SUBARU;FORESTER;CAMIONETA RURAL / SUV;5;PARTICULAR, TAXI, COMERCIAL, TRANSPORTE DE PERSONAL
SUBARU;OUTBACK;CAMIONETA RURAL / SUV;5;PARTICULAR, TAXI, COMERCIAL, TRANSPORTE DE PERSONAL
SUBARU;TRIBECA;CAMIONETA RURAL / SUV;5;PARTICULAR, TAXI, COMERCIAL, TRANSPORTE DE PERSONAL
SUBARU;XV;CAMIONETA RURAL / SUV;5;PARTICULAR, TAXI, COMERCIAL, TRANSPORTE DE PERSONAL
SUZUKI;GRAND VITARA;CAMIONETA RURAL / SUV;5;PARTICULAR, TAXI, COMERCIAL, TRANSPORTE DE PERSONAL
SUZUKI;JIMNY;CAMIONETA RURAL / SUV;5;PARTICULAR, TAXI, COMERCIAL, TRANSPORTE DE PERSONAL
SUZUKI;VITARA;CAMIONETA RURAL / SUV;5;PARTICULAR, TAXI, COMERCIAL, TRANSPORTE DE PERSONAL
SUZUKI;SX4;CAMIONETA RURAL / SUV;5;PARTICULAR, TAXI, COMERCIAL, TRANSPORTE DE PERSONAL
TOYOTA;4RUNNER;CAMIONETA RURAL / SUV;5;PARTICULAR, TAXI, COMERCIAL, TRANSPORTE DE PERSONAL
TOYOTA;AVANZA;CAMIONETA RURAL / SUV;5;PARTICULAR, TAXI, COMERCIAL, TRANSPORTE DE PERSONAL
TOYOTA;FJ CRUISER;CAMIONETA RURAL / SUV;5;PARTICULAR, TAXI, COMERCIAL, TRANSPORTE DE PERSONAL
TOYOTA;FORTUNER;CAMIONETA RURAL / SUV;5;PARTICULAR, TAXI, COMERCIAL, TRANSPORTE DE PERSONAL
TOYOTA;INNOVA;CAMIONETA RURAL / SUV;5;PARTICULAR, TAXI, COMERCIAL, TRANSPORTE DE PERSONAL
TOYOTA;LAND CRUISER;CAMIONETA RURAL / SUV;5;PARTICULAR, TAXI, COMERCIAL, TRANSPORTE DE PERSONAL
TOYOTA;PRADO;CAMIONETA RURAL / SUV;5;PARTICULAR, TAXI, COMERCIAL, TRANSPORTE DE PERSONAL
TOYOTA;RAIZE;CAMIONETA RURAL / SUV;5;PARTICULAR, TAXI, COMERCIAL, TRANSPORTE DE PERSONAL
TOYOTA;RAV4;CAMIONETA RURAL / SUV;5;PARTICULAR, TAXI, COMERCIAL, TRANSPORTE DE PERSONAL
TOYOTA;RUSH;CAMIONETA RURAL / SUV;5;PARTICULAR, TAXI, COMERCIAL, TRANSPORTE DE PERSONAL
TOYOTA;SEQUOIA;CAMIONETA RURAL / SUV;5;PARTICULAR, TAXI, COMERCIAL, TRANSPORTE DE PERSONAL
TOYOTA;TOWNACE;CAMIONETA RURAL / SUV;5;PARTICULAR, TAXI, COMERCIAL, TRANSPORTE DE PERSONAL
VOLKSWAGEN;T-CROSS;CAMIONETA RURAL / SUV;5;PARTICULAR, TAXI, COMERCIAL, TRANSPORTE DE PERSONAL
VOLKSWAGEN;TAOS;CAMIONETA RURAL / SUV;5;PARTICULAR, TAXI, COMERCIAL, TRANSPORTE DE PERSONAL
VOLKSWAGEN;TIGUAN;CAMIONETA RURAL / SUV;5;PARTICULAR, TAXI, COMERCIAL, TRANSPORTE DE PERSONAL
VOLKSWAGEN;TOUAREG;CAMIONETA RURAL / SUV;5;PARTICULAR, TAXI, COMERCIAL, TRANSPORTE DE PERSONAL
VOLKSWAGEN;TRANSPORTER;CAMIONETA RURAL / SUV;5;PARTICULAR, TAXI, COMERCIAL, TRANSPORTE DE PERSONAL
VOLVO;XC40;CAMIONETA RURAL / SUV;5;PARTICULAR, TAXI, COMERCIAL, TRANSPORTE DE PERSONAL
VOLVO;XC60;CAMIONETA RURAL / SUV;5;PARTICULAR, TAXI, COMERCIAL, TRANSPORTE DE PERSONAL
VOLVO;XC70;CAMIONETA RURAL / SUV;5;PARTICULAR, TAXI, COMERCIAL, TRANSPORTE DE PERSONAL
VOLVO;XC90;CAMIONETA RURAL / SUV;5;PARTICULAR, TAXI, COMERCIAL, TRANSPORTE DE PERSONAL
ZXAUTO;ADMIRAL;CAMIONETA RURAL / SUV;5;PARTICULAR, TAXI, COMERCIAL, TRANSPORTE DE PERSONAL
ZXAUTO;LANDMARK;CAMIONETA RURAL / SUV;5;PARTICULAR, TAXI, COMERCIAL, TRANSPORTE DE PERSONAL
CHEVROLET;C-10;CAMIONETA PICK UP;5;PARTICULAR, CARGA, COMERCIAL, TRANSPORTE DE PERSONAL
CHEVROLET;C-20;CAMIONETA PICK UP;5;PARTICULAR, CARGA, COMERCIAL, TRANSPORTE DE PERSONAL
CHEVROLET;D-20;CAMIONETA PICK UP;5;PARTICULAR, CARGA, COMERCIAL, TRANSPORTE DE PERSONAL
CHEVROLET;LUV;CAMIONETA PICK UP;5;PARTICULAR, CARGA, COMERCIAL, TRANSPORTE DE PERSONAL
CHEVROLET;S10;CAMIONETA PICK UP;5;PARTICULAR, CARGA, COMERCIAL, TRANSPORTE DE PERSONAL
CHEVROLET;COLORADO;CAMIONETA PICK UP;5;PARTICULAR, CARGA, COMERCIAL, TRANSPORTE DE PERSONAL
CHEVROLET;SILVERADO;CAMIONETA PICK UP;5;PARTICULAR, CARGA, COMERCIAL, TRANSPORTE DE PERSONAL
CHEVROLET;MONTANA;CAMIONETA PICK UP;5;PARTICULAR, CARGA, COMERCIAL, TRANSPORTE DE PERSONAL
CHEVROLET;D-MAX;CAMIONETA PICK UP;5;PARTICULAR, CARGA, COMERCIAL, TRANSPORTE DE PERSONAL
DAIHATSU;DELTA;CAMIONETA PICK UP;5;PARTICULAR, CARGA, COMERCIAL, TRANSPORTE DE PERSONAL
DAIHATSU;F20LV;CAMIONETA PICK UP;5;PARTICULAR, CARGA, COMERCIAL, TRANSPORTE DE PERSONAL
DAIHATSU;DYNA;CAMIONETA PICK UP;5;PARTICULAR, CARGA, COMERCIAL, TRANSPORTE DE PERSONAL
DONGFENG;K01;CAMIONETA PICK UP;5;PARTICULAR, CARGA, COMERCIAL, TRANSPORTE DE PERSONAL
DONGFENG;K02;CAMIONETA PICK UP;5;PARTICULAR, CARGA, COMERCIAL, TRANSPORTE DE PERSONAL
DONGFENG;K05;CAMIONETA PICK UP;5;PARTICULAR, CARGA, COMERCIAL, TRANSPORTE DE PERSONAL
DONGFENG;K07;CAMIONETA PICK UP;5;PARTICULAR, CARGA, COMERCIAL, TRANSPORTE DE PERSONAL
DONGFENG;RICH;CAMIONETA PICK UP;5;PARTICULAR, CARGA, COMERCIAL, TRANSPORTE DE PERSONAL
DONGFENG;P05;CAMIONETA PICK UP;5;PARTICULAR, CARGA, COMERCIAL, TRANSPORTE DE PERSONAL
FAW;T80;CAMIONETA PICK UP;5;PARTICULAR, CARGA, COMERCIAL, TRANSPORTE DE PERSONAL
FAW;T33;CAMIONETA PICK UP;5;PARTICULAR, CARGA, COMERCIAL, TRANSPORTE DE PERSONAL
FAW;TIGER VR;CAMIONETA PICK UP;5;PARTICULAR, CARGA, COMERCIAL, TRANSPORTE DE PERSONAL
FOTON;TUNLAND;CAMIONETA PICK UP;5;PARTICULAR, CARGA, COMERCIAL, TRANSPORTE DE PERSONAL
FOTON;T5;CAMIONETA PICK UP;5;PARTICULAR, CARGA, COMERCIAL, TRANSPORTE DE PERSONAL
FOTON;T7;CAMIONETA PICK UP;5;PARTICULAR, CARGA, COMERCIAL, TRANSPORTE DE PERSONAL
FORD;COURIER;CAMIONETA PICK UP;5;PARTICULAR, CARGA, COMERCIAL, TRANSPORTE DE PERSONAL
FORD;F-150;CAMIONETA PICK UP;5;PARTICULAR, CARGA, COMERCIAL, TRANSPORTE DE PERSONAL
FORD;F-250;CAMIONETA PICK UP;5;PARTICULAR, CARGA, COMERCIAL, TRANSPORTE DE PERSONAL
FORD;F-350;CAMIONETA PICK UP;5;PARTICULAR, CARGA, COMERCIAL, TRANSPORTE DE PERSONAL
FORD;RANGER;CAMIONETA PICK UP;5;PARTICULAR, CARGA, COMERCIAL, TRANSPORTE DE PERSONAL
FORD;MAVERICK;CAMIONETA PICK UP;5;PARTICULAR, CARGA, COMERCIAL, TRANSPORTE DE PERSONAL
GREAT WALL;WINGLE;CAMIONETA PICK UP;5;PARTICULAR, CARGA, COMERCIAL, TRANSPORTE DE PERSONAL
GREAT WALL;WINGLE 5;CAMIONETA PICK UP;5;PARTICULAR, CARGA, COMERCIAL, TRANSPORTE DE PERSONAL
GREAT WALL;WINGLE 6;CAMIONETA PICK UP;5;PARTICULAR, CARGA, COMERCIAL, TRANSPORTE DE PERSONAL
GREAT WALL;WINGLE 7;CAMIONETA PICK UP;5;PARTICULAR, CARGA, COMERCIAL, TRANSPORTE DE PERSONAL
GREAT WALL;POER;CAMIONETA PICK UP;5;PARTICULAR, CARGA, COMERCIAL, TRANSPORTE DE PERSONAL
HYUNDAI;H100;CAMIONETA PICK UP;5;PARTICULAR, CARGA, COMERCIAL, TRANSPORTE DE PERSONAL
HYUNDAI;PORTER;CAMIONETA PICK UP;5;PARTICULAR, CARGA, COMERCIAL, TRANSPORTE DE PERSONAL
HYUNDAI;SANTA CRUZ;CAMIONETA PICK UP;5;PARTICULAR, CARGA, COMERCIAL, TRANSPORTE DE PERSONAL
ISUZU;D-MAX;CAMIONETA PICK UP;5;PARTICULAR, CARGA, COMERCIAL, TRANSPORTE DE PERSONAL
ISUZU;TF;CAMIONETA PICK UP;5;PARTICULAR, CARGA, COMERCIAL, TRANSPORTE DE PERSONAL
ISUZU;TFR;CAMIONETA PICK UP;5;PARTICULAR, CARGA, COMERCIAL, TRANSPORTE DE PERSONAL
JAC;T6;CAMIONETA PICK UP;5;PARTICULAR, CARGA, COMERCIAL, TRANSPORTE DE PERSONAL
JAC;T8;CAMIONETA PICK UP;5;PARTICULAR, CARGA, COMERCIAL, TRANSPORTE DE PERSONAL
JAC;T9;CAMIONETA PICK UP;5;PARTICULAR, CARGA, COMERCIAL, TRANSPORTE DE PERSONAL
JAC;X200;CAMIONETA PICK UP;5;PARTICULAR, CARGA, COMERCIAL, TRANSPORTE DE PERSONAL
JMC;VIGUS;CAMIONETA PICK UP;5;PARTICULAR, CARGA, COMERCIAL, TRANSPORTE DE PERSONAL
JMC;VIGUS PRO;CAMIONETA PICK UP;5;PARTICULAR, CARGA, COMERCIAL, TRANSPORTE DE PERSONAL
JMC;GRAND AVENUE;CAMIONETA PICK UP;5;PARTICULAR, CARGA, COMERCIAL, TRANSPORTE DE PERSONAL
KIA;FRONTIER;CAMIONETA PICK UP;5;PARTICULAR, CARGA, COMERCIAL, TRANSPORTE DE PERSONAL
KIA;K2700;CAMIONETA PICK UP;5;PARTICULAR, CARGA, COMERCIAL, TRANSPORTE DE PERSONAL
KIA;K2900;CAMIONETA PICK UP;5;PARTICULAR, CARGA, COMERCIAL, TRANSPORTE DE PERSONAL
KIA;K3000;CAMIONETA PICK UP;5;PARTICULAR, CARGA, COMERCIAL, TRANSPORTE DE PERSONAL
KIA;K3600;CAMIONETA PICK UP;5;PARTICULAR, CARGA, COMERCIAL, TRANSPORTE DE PERSONAL
MAZDA;B2000;CAMIONETA PICK UP;5;PARTICULAR, CARGA, COMERCIAL, TRANSPORTE DE PERSONAL
MAZDA;B2200;CAMIONETA PICK UP;5;PARTICULAR, CARGA, COMERCIAL, TRANSPORTE DE PERSONAL
MAZDA;B2500;CAMIONETA PICK UP;5;PARTICULAR, CARGA, COMERCIAL, TRANSPORTE DE PERSONAL
MAZDA;BT-50;CAMIONETA PICK UP;5;PARTICULAR, CARGA, COMERCIAL, TRANSPORTE DE PERSONAL
MITSUBISHI;L200;CAMIONETA PICK UP;5;PARTICULAR, CARGA, COMERCIAL, TRANSPORTE DE PERSONAL
MITSUBISHI;STRADA;CAMIONETA PICK UP;5;PARTICULAR, CARGA, COMERCIAL, TRANSPORTE DE PERSONAL
NISSAN;D21;CAMIONETA PICK UP;5;PARTICULAR, CARGA, COMERCIAL, TRANSPORTE DE PERSONAL
NISSAN;FRONTIER;CAMIONETA PICK UP;5;PARTICULAR, CARGA, COMERCIAL, TRANSPORTE DE PERSONAL
NISSAN;NAVARA;CAMIONETA PICK UP;5;PARTICULAR, CARGA, COMERCIAL, TRANSPORTE DE PERSONAL
NISSAN;NP300;CAMIONETA PICK UP;5;PARTICULAR, CARGA, COMERCIAL, TRANSPORTE DE PERSONAL
NISSAN;NP200;CAMIONETA PICK UP;5;PARTICULAR, CARGA, COMERCIAL, TRANSPORTE DE PERSONAL
TOYOTA;HILUX;CAMIONETA PICK UP;5;PARTICULAR, CARGA, COMERCIAL, TRANSPORTE DE PERSONAL
TOYOTA;TACOMA;CAMIONETA PICK UP;5;PARTICULAR, CARGA, COMERCIAL, TRANSPORTE DE PERSONAL
TOYOTA;TUNDRA;CAMIONETA PICK UP;5;PARTICULAR, CARGA, COMERCIAL, TRANSPORTE DE PERSONAL
TOYOTA;KUN25L-HRMDH;CAMIONETA PICK UP;5;PARTICULAR, CARGA, COMERCIAL, TRANSPORTE DE PERSONAL
TOYOTA;KUN25L-PRMDHG;CAMIONETA PICK UP;5;PARTICULAR, CARGA, COMERCIAL, TRANSPORTE DE PERSONAL
VOLKSWAGEN;AMAROK;CAMIONETA PICK UP;5;PARTICULAR, CARGA, COMERCIAL, TRANSPORTE DE PERSONAL
VOLKSWAGEN;SAVEIRO;CAMIONETA PICK UP;5;PARTICULAR, CARGA, COMERCIAL, TRANSPORTE DE PERSONAL
ZXAUTO;GRAND TIGER;CAMIONETA PICK UP;5;PARTICULAR, CARGA, COMERCIAL, TRANSPORTE DE PERSONAL
ZXAUTO;TERRALORD;CAMIONETA PICK UP;5;PARTICULAR, CARGA, COMERCIAL, TRANSPORTE DE PERSONAL
CHEVROLET;N300;CAMIONETA PANEL;3;CARGA, COMERCIAL, PARTICULAR
CHEVROLET;N400;CAMIONETA PANEL;3;CARGA, COMERCIAL, PARTICULAR
CHEVROLET;VAN;CAMIONETA PANEL;3;CARGA, COMERCIAL, PARTICULAR
CHEVROLET;COMBO;CAMIONETA PANEL;3;CARGA, COMERCIAL, PARTICULAR
CHANGAN;M201;CAMIONETA PANEL;3;CARGA, COMERCIAL, PARTICULAR
CHANGAN;M201B;CAMIONETA PANEL;3;CARGA, COMERCIAL, PARTICULAR
CHANGAN;HONOR;CAMIONETA PANEL;3;CARGA, COMERCIAL, PARTICULAR
CHANGAN;STAR;CAMIONETA PANEL;3;CARGA, COMERCIAL, PARTICULAR
CHANGAN;SUPERVAN;CAMIONETA PANEL;3;CARGA, COMERCIAL, PARTICULAR
DONGFENG;K05;CAMIONETA PANEL;3;CARGA, COMERCIAL, PARTICULAR
DONGFENG;K07;CAMIONETA PANEL;3;CARGA, COMERCIAL, PARTICULAR
DONGFENG;K09;CAMIONETA PANEL;3;CARGA, COMERCIAL, PARTICULAR
DONGFENG;K61;CAMIONETA PANEL;3;CARGA, COMERCIAL, PARTICULAR
DONGFENG;K61-911;CAMIONETA PANEL;3;CARGA, COMERCIAL, PARTICULAR
FIAT;DUCATO;CAMIONETA PANEL;3;CARGA, COMERCIAL, PARTICULAR
FIAT;DOBLO CARGO;CAMIONETA PANEL;3;CARGA, COMERCIAL, PARTICULAR
FORD;TRANSIT;CAMIONETA PANEL;3;CARGA, COMERCIAL, PARTICULAR
FORD;E350;CAMIONETA PANEL;3;CARGA, COMERCIAL, PARTICULAR
FOTON;VIEW;CAMIONETA PANEL;3;CARGA, COMERCIAL, PARTICULAR
FOTON;MIDI VAN;CAMIONETA PANEL;3;CARGA, COMERCIAL, PARTICULAR
HYUNDAI;H-1;CAMIONETA PANEL;3;CARGA, COMERCIAL, PARTICULAR
HYUNDAI;STAREX;CAMIONETA PANEL;3;CARGA, COMERCIAL, PARTICULAR
HYUNDAI;H100;CAMIONETA PANEL;3;CARGA, COMERCIAL, PARTICULAR
JAC;SUNRAY;CAMIONETA PANEL;3;CARGA, COMERCIAL, PARTICULAR
JAC;REFINE;CAMIONETA PANEL;3;CARGA, COMERCIAL, PARTICULAR
JAC;X200;CAMIONETA PANEL;3;CARGA, COMERCIAL, PARTICULAR
JINBEI;HAISE;CAMIONETA PANEL;3;CARGA, COMERCIAL, PARTICULAR
JINBEI;TOPIC;CAMIONETA PANEL;3;CARGA, COMERCIAL, PARTICULAR
KIA;PREGIO;CAMIONETA PANEL;3;CARGA, COMERCIAL, PARTICULAR
KIA;BESTA;CAMIONETA PANEL;3;CARGA, COMERCIAL, PARTICULAR
KIA;K2500;CAMIONETA PANEL;3;CARGA, COMERCIAL, PARTICULAR
MAXUS;G10;CAMIONETA PANEL;3;CARGA, COMERCIAL, PARTICULAR
MAXUS;V80;CAMIONETA PANEL;3;CARGA, COMERCIAL, PARTICULAR
MAXUS;DELIVER 9;CAMIONETA PANEL;3;CARGA, COMERCIAL, PARTICULAR
MITSUBISHI;DELICA;CAMIONETA PANEL;3;CARGA, COMERCIAL, PARTICULAR
MITSUBISHI;L300;CAMIONETA PANEL;3;CARGA, COMERCIAL, PARTICULAR
NISSAN;URVAN;CAMIONETA PANEL;3;CARGA, COMERCIAL, PARTICULAR
NISSAN;NV350;CAMIONETA PANEL;3;CARGA, COMERCIAL, PARTICULAR
NISSAN;VANETTE;CAMIONETA PANEL;3;CARGA, COMERCIAL, PARTICULAR
NISSAN;CARAVAN;CAMIONETA PANEL;3;CARGA, COMERCIAL, PARTICULAR
PEUGEOT;PARTNER;CAMIONETA PANEL;3;CARGA, COMERCIAL, PARTICULAR
PEUGEOT;PARTNER TEPEE;CAMIONETA PANEL;3;CARGA, COMERCIAL, PARTICULAR
PEUGEOT;BOXER;CAMIONETA PANEL;3;CARGA, COMERCIAL, PARTICULAR
RENAULT;KANGOO;CAMIONETA PANEL;3;CARGA, COMERCIAL, PARTICULAR
RENAULT;MASTER;CAMIONETA PANEL;3;CARGA, COMERCIAL, PARTICULAR
TOYOTA;HIACE;CAMIONETA PANEL;3;CARGA, COMERCIAL, PARTICULAR
TOYOTA;LITEACE;CAMIONETA PANEL;3;CARGA, COMERCIAL, PARTICULAR
TOYOTA;TOWNACE;CAMIONETA PANEL;3;CARGA, COMERCIAL, PARTICULAR
TOYOTA;PROBOX;CAMIONETA PANEL;3;CARGA, COMERCIAL, PARTICULAR
VOLKSWAGEN;TRANSPORTER;CAMIONETA PANEL;3;CARGA, COMERCIAL, PARTICULAR
VOLKSWAGEN;CADDY;CAMIONETA PANEL;3;CARGA, COMERCIAL, PARTICULAR
VOLKSWAGEN;CRAFTER;CAMIONETA PANEL;3;CARGA, COMERCIAL, PARTICULAR
CHANGAN;GRAND VAN;MULTIPROPÓSITO;7;PARTICULAR, TRANSPORTE DE PERSONAL, SERVICIO ESCOLAR, COMERCIAL
CHANGAN;GRAND VAN TURISMO;MULTIPROPÓSITO;7;PARTICULAR, TRANSPORTE DE PERSONAL, SERVICIO ESCOLAR, COMERCIAL
CHANGAN;CX70;MULTIPROPÓSITO;7;PARTICULAR, TRANSPORTE DE PERSONAL, SERVICIO ESCOLAR, COMERCIAL
CHEVROLET;SPIN;MULTIPROPÓSITO;7;PARTICULAR, TRANSPORTE DE PERSONAL, SERVICIO ESCOLAR, COMERCIAL
CHEVROLET;ZAFIRA;MULTIPROPÓSITO;7;PARTICULAR, TRANSPORTE DE PERSONAL, SERVICIO ESCOLAR, COMERCIAL
CHEVROLET;ORLANDO;MULTIPROPÓSITO;7;PARTICULAR, TRANSPORTE DE PERSONAL, SERVICIO ESCOLAR, COMERCIAL
CHEVROLET;UPLANDER;MULTIPROPÓSITO;7;PARTICULAR, TRANSPORTE DE PERSONAL, SERVICIO ESCOLAR, COMERCIAL
CHEVROLET;VENTURE;MULTIPROPÓSITO;7;PARTICULAR, TRANSPORTE DE PERSONAL, SERVICIO ESCOLAR, COMERCIAL
CHRYSLER;CARAVAN;MULTIPROPÓSITO;7;PARTICULAR, TRANSPORTE DE PERSONAL, SERVICIO ESCOLAR, COMERCIAL
CHRYSLER;VOYAGER;MULTIPROPÓSITO;7;PARTICULAR, TRANSPORTE DE PERSONAL, SERVICIO ESCOLAR, COMERCIAL
CHRYSLER;PACIFICA;MULTIPROPÓSITO;7;PARTICULAR, TRANSPORTE DE PERSONAL, SERVICIO ESCOLAR, COMERCIAL
CITROEN;BERLINGO;MULTIPROPÓSITO;7;PARTICULAR, TRANSPORTE DE PERSONAL, SERVICIO ESCOLAR, COMERCIAL
DODGE;CARAVAN;MULTIPROPÓSITO;7;PARTICULAR, TRANSPORTE DE PERSONAL, SERVICIO ESCOLAR, COMERCIAL
DODGE;GRAND CARAVAN;MULTIPROPÓSITO;7;PARTICULAR, TRANSPORTE DE PERSONAL, SERVICIO ESCOLAR, COMERCIAL
FORD;WINDSTAR;MULTIPROPÓSITO;7;PARTICULAR, TRANSPORTE DE PERSONAL, SERVICIO ESCOLAR, COMERCIAL
FORD;TOURNEO;MULTIPROPÓSITO;7;PARTICULAR, TRANSPORTE DE PERSONAL, SERVICIO ESCOLAR, COMERCIAL
FORD;TRANSIT CONNECT;MULTIPROPÓSITO;7;PARTICULAR, TRANSPORTE DE PERSONAL, SERVICIO ESCOLAR, COMERCIAL
GEELY;EMGRAND X7;MULTIPROPÓSITO;7;PARTICULAR, TRANSPORTE DE PERSONAL, SERVICIO ESCOLAR, COMERCIAL
HYUNDAI;H-1;MULTIPROPÓSITO;7;PARTICULAR, TRANSPORTE DE PERSONAL, SERVICIO ESCOLAR, COMERCIAL
HYUNDAI;STARIA;MULTIPROPÓSITO;7;PARTICULAR, TRANSPORTE DE PERSONAL, SERVICIO ESCOLAR, COMERCIAL
HYUNDAI;TRAJET;MULTIPROPÓSITO;7;PARTICULAR, TRANSPORTE DE PERSONAL, SERVICIO ESCOLAR, COMERCIAL
JAC;REFINE;MULTIPROPÓSITO;7;PARTICULAR, TRANSPORTE DE PERSONAL, SERVICIO ESCOLAR, COMERCIAL
JAC;SUNRAY;MULTIPROPÓSITO;7;PARTICULAR, TRANSPORTE DE PERSONAL, SERVICIO ESCOLAR, COMERCIAL
KIA;CARENS;MULTIPROPÓSITO;7;PARTICULAR, TRANSPORTE DE PERSONAL, SERVICIO ESCOLAR, COMERCIAL
KIA;CARNIVAL;MULTIPROPÓSITO;7;PARTICULAR, TRANSPORTE DE PERSONAL, SERVICIO ESCOLAR, COMERCIAL
MAZDA;MPV;MULTIPROPÓSITO;7;PARTICULAR, TRANSPORTE DE PERSONAL, SERVICIO ESCOLAR, COMERCIAL
MERCEDES-BENZ;VITO;MULTIPROPÓSITO;7;PARTICULAR, TRANSPORTE DE PERSONAL, SERVICIO ESCOLAR, COMERCIAL
MERCEDES-BENZ;VIANO;MULTIPROPÓSITO;7;PARTICULAR, TRANSPORTE DE PERSONAL, SERVICIO ESCOLAR, COMERCIAL
MITSUBISHI;SPACE WAGON;MULTIPROPÓSITO;7;PARTICULAR, TRANSPORTE DE PERSONAL, SERVICIO ESCOLAR, COMERCIAL
MITSUBISHI;DELICA;MULTIPROPÓSITO;7;PARTICULAR, TRANSPORTE DE PERSONAL, SERVICIO ESCOLAR, COMERCIAL
NISSAN;SERENA;MULTIPROPÓSITO;7;PARTICULAR, TRANSPORTE DE PERSONAL, SERVICIO ESCOLAR, COMERCIAL
NISSAN;URVAN;MULTIPROPÓSITO;7;PARTICULAR, TRANSPORTE DE PERSONAL, SERVICIO ESCOLAR, COMERCIAL
NISSAN;CARAVAN;MULTIPROPÓSITO;7;PARTICULAR, TRANSPORTE DE PERSONAL, SERVICIO ESCOLAR, COMERCIAL
NISSAN;ELGRAND;MULTIPROPÓSITO;7;PARTICULAR, TRANSPORTE DE PERSONAL, SERVICIO ESCOLAR, COMERCIAL
PEUGEOT;TRAVELLER;MULTIPROPÓSITO;7;PARTICULAR, TRANSPORTE DE PERSONAL, SERVICIO ESCOLAR, COMERCIAL
PEUGEOT;RIFTER;MULTIPROPÓSITO;7;PARTICULAR, TRANSPORTE DE PERSONAL, SERVICIO ESCOLAR, COMERCIAL
RENAULT;ESPACE;MULTIPROPÓSITO;7;PARTICULAR, TRANSPORTE DE PERSONAL, SERVICIO ESCOLAR, COMERCIAL
RENAULT;SCENIC;MULTIPROPÓSITO;7;PARTICULAR, TRANSPORTE DE PERSONAL, SERVICIO ESCOLAR, COMERCIAL
TOYOTA;AVANZA;MULTIPROPÓSITO;7;PARTICULAR, TRANSPORTE DE PERSONAL, SERVICIO ESCOLAR, COMERCIAL
TOYOTA;INNOVA;MULTIPROPÓSITO;7;PARTICULAR, TRANSPORTE DE PERSONAL, SERVICIO ESCOLAR, COMERCIAL
TOYOTA;HIACE WAGON;MULTIPROPÓSITO;7;PARTICULAR, TRANSPORTE DE PERSONAL, SERVICIO ESCOLAR, COMERCIAL
TOYOTA;LITEACE;MULTIPROPÓSITO;7;PARTICULAR, TRANSPORTE DE PERSONAL, SERVICIO ESCOLAR, COMERCIAL
VOLKSWAGEN;CADDY;MULTIPROPÓSITO;7;PARTICULAR, TRANSPORTE DE PERSONAL, SERVICIO ESCOLAR, COMERCIAL
VOLKSWAGEN;TRANSPORTER;MULTIPROPÓSITO;7;PARTICULAR, TRANSPORTE DE PERSONAL, SERVICIO ESCOLAR, COMERCIAL
VOLKSWAGEN;CARAVELLE;MULTIPROPÓSITO;7;PARTICULAR, TRANSPORTE DE PERSONAL, SERVICIO ESCOLAR, COMERCIAL
BAIC;BJ6556;CAMIONETA VAN;15;PARTICULAR, TRANSPORTE DE PERSONAL, SERVICIO ESCOLAR, COMERCIAL AMBULANCIA
BAIC;BJ6448;CAMIONETA VAN;15;PARTICULAR, TRANSPORTE DE PERSONAL, SERVICIO ESCOLAR, COMERCIAL AMBULANCIA
BAIC;KENBO S3;CAMIONETA VAN;15;PARTICULAR, TRANSPORTE DE PERSONAL, SERVICIO ESCOLAR, COMERCIAL AMBULANCIA
CHANGAN;SC6363B3;CAMIONETA VAN;15;PARTICULAR, TRANSPORTE DE PERSONAL, SERVICIO ESCOLAR, COMERCIAL AMBULANCIA
CHANGAN;SC6363B4;CAMIONETA VAN;15;PARTICULAR, TRANSPORTE DE PERSONAL, SERVICIO ESCOLAR, COMERCIAL AMBULANCIA
CHANGAN;SC6360F;CAMIONETA VAN;15;PARTICULAR, TRANSPORTE DE PERSONAL, SERVICIO ESCOLAR, COMERCIAL AMBULANCIA
CHANGAN;SUPERVAN;CAMIONETA VAN;15;PARTICULAR, TRANSPORTE DE PERSONAL, SERVICIO ESCOLAR, COMERCIAL AMBULANCIA
CHANGAN;NEW SUPERVAN;CAMIONETA VAN;15;PARTICULAR, TRANSPORTE DE PERSONAL, SERVICIO ESCOLAR, COMERCIAL AMBULANCIA
CHANGAN;NEW VAN;CAMIONETA VAN;15;PARTICULAR, TRANSPORTE DE PERSONAL, SERVICIO ESCOLAR, COMERCIAL AMBULANCIA
CHEVROLET;N300;CAMIONETA VAN;15;PARTICULAR, TRANSPORTE DE PERSONAL, SERVICIO ESCOLAR, COMERCIAL AMBULANCIA
CHEVROLET;N400;CAMIONETA VAN;15;PARTICULAR, TRANSPORTE DE PERSONAL, SERVICIO ESCOLAR, COMERCIAL AMBULANCIA
CHEVROLET;EXPRESS VAN;CAMIONETA VAN;15;PARTICULAR, TRANSPORTE DE PERSONAL, SERVICIO ESCOLAR, COMERCIAL AMBULANCIA
CHEVROLET;UPLANDER;CAMIONETA VAN;15;PARTICULAR, TRANSPORTE DE PERSONAL, SERVICIO ESCOLAR, COMERCIAL AMBULANCIA
DONGFENG;K05;CAMIONETA VAN;15;PARTICULAR, TRANSPORTE DE PERSONAL, SERVICIO ESCOLAR, COMERCIAL AMBULANCIA
DONGFENG;K07;CAMIONETA VAN;15;PARTICULAR, TRANSPORTE DE PERSONAL, SERVICIO ESCOLAR, COMERCIAL AMBULANCIA
DONGFENG;K09;CAMIONETA VAN;15;PARTICULAR, TRANSPORTE DE PERSONAL, SERVICIO ESCOLAR, COMERCIAL AMBULANCIA
DONGFENG;K61;CAMIONETA VAN;15;PARTICULAR, TRANSPORTE DE PERSONAL, SERVICIO ESCOLAR, COMERCIAL AMBULANCIA
FAW;V77;CAMIONETA VAN;15;PARTICULAR, TRANSPORTE DE PERSONAL, SERVICIO ESCOLAR, COMERCIAL AMBULANCIA
FAW;CA6371;CAMIONETA VAN;15;PARTICULAR, TRANSPORTE DE PERSONAL, SERVICIO ESCOLAR, COMERCIAL AMBULANCIA
FOTON;VIEW;CAMIONETA VAN;15;PARTICULAR, TRANSPORTE DE PERSONAL, SERVICIO ESCOLAR, COMERCIAL AMBULANCIA
FOTON;TOANO;CAMIONETA VAN;15;PARTICULAR, TRANSPORTE DE PERSONAL, SERVICIO ESCOLAR, COMERCIAL AMBULANCIA
FORD;E-350;CAMIONETA VAN;15;PARTICULAR, TRANSPORTE DE PERSONAL, SERVICIO ESCOLAR, COMERCIAL AMBULANCIA
FORD;E350;CAMIONETA VAN;15;PARTICULAR, TRANSPORTE DE PERSONAL, SERVICIO ESCOLAR, COMERCIAL AMBULANCIA
FORD;TRANSIT;CAMIONETA VAN;15;PARTICULAR, TRANSPORTE DE PERSONAL, SERVICIO ESCOLAR, COMERCIAL AMBULANCIA
FORD;TOURNEO;CAMIONETA VAN;15;PARTICULAR, TRANSPORTE DE PERSONAL, SERVICIO ESCOLAR, COMERCIAL AMBULANCIA
HYUNDAI;H-1;CAMIONETA VAN;15;PARTICULAR, TRANSPORTE DE PERSONAL, SERVICIO ESCOLAR, COMERCIAL AMBULANCIA
HYUNDAI;STAREX;CAMIONETA VAN;15;PARTICULAR, TRANSPORTE DE PERSONAL, SERVICIO ESCOLAR, COMERCIAL AMBULANCIA
HYUNDAI;GRAND STAREX;CAMIONETA VAN;15;PARTICULAR, TRANSPORTE DE PERSONAL, SERVICIO ESCOLAR, COMERCIAL AMBULANCIA
JAC;REFINE;CAMIONETA VAN;15;PARTICULAR, TRANSPORTE DE PERSONAL, SERVICIO ESCOLAR, COMERCIAL AMBULANCIA
JAC;SUNRAY;CAMIONETA VAN;15;PARTICULAR, TRANSPORTE DE PERSONAL, SERVICIO ESCOLAR, COMERCIAL AMBULANCIA
JINBEI;HAISE;CAMIONETA VAN;15;PARTICULAR, TRANSPORTE DE PERSONAL, SERVICIO ESCOLAR, COMERCIAL AMBULANCIA
JINBEI;TOPIC;CAMIONETA VAN;15;PARTICULAR, TRANSPORTE DE PERSONAL, SERVICIO ESCOLAR, COMERCIAL AMBULANCIA
JOYLONG;HKL6500;CAMIONETA VAN;15;PARTICULAR, TRANSPORTE DE PERSONAL, SERVICIO ESCOLAR, COMERCIAL AMBULANCIA
JOYLONG;HKL6600;CAMIONETA VAN;15;PARTICULAR, TRANSPORTE DE PERSONAL, SERVICIO ESCOLAR, COMERCIAL AMBULANCIA
JOYLONG;HKL6700;CAMIONETA VAN;15;PARTICULAR, TRANSPORTE DE PERSONAL, SERVICIO ESCOLAR, COMERCIAL AMBULANCIA
KIA;PREGIO;CAMIONETA VAN;15;PARTICULAR, TRANSPORTE DE PERSONAL, SERVICIO ESCOLAR, COMERCIAL AMBULANCIA
KIA;BESTA;CAMIONETA VAN;15;PARTICULAR, TRANSPORTE DE PERSONAL, SERVICIO ESCOLAR, COMERCIAL AMBULANCIA
KIA;CARNIVAL;CAMIONETA VAN;15;PARTICULAR, TRANSPORTE DE PERSONAL, SERVICIO ESCOLAR, COMERCIAL AMBULANCIA
MAXUS;G10;CAMIONETA VAN;15;PARTICULAR, TRANSPORTE DE PERSONAL, SERVICIO ESCOLAR, COMERCIAL AMBULANCIA
MAXUS;V80;CAMIONETA VAN;15;PARTICULAR, TRANSPORTE DE PERSONAL, SERVICIO ESCOLAR, COMERCIAL AMBULANCIA
MAXUS;G50;CAMIONETA VAN;15;PARTICULAR, TRANSPORTE DE PERSONAL, SERVICIO ESCOLAR, COMERCIAL AMBULANCIA
MITSUBISHI;DELICA;CAMIONETA VAN;15;PARTICULAR, TRANSPORTE DE PERSONAL, SERVICIO ESCOLAR, COMERCIAL AMBULANCIA
MITSUBISHI;L300;CAMIONETA VAN;15;PARTICULAR, TRANSPORTE DE PERSONAL, SERVICIO ESCOLAR, COMERCIAL AMBULANCIA
NISSAN;URVAN;CAMIONETA VAN;15;PARTICULAR, TRANSPORTE DE PERSONAL, SERVICIO ESCOLAR, COMERCIAL AMBULANCIA
NISSAN;CARAVAN;CAMIONETA VAN;15;PARTICULAR, TRANSPORTE DE PERSONAL, SERVICIO ESCOLAR, COMERCIAL AMBULANCIA
NISSAN;ELGRAND;CAMIONETA VAN;15;PARTICULAR, TRANSPORTE DE PERSONAL, SERVICIO ESCOLAR, COMERCIAL AMBULANCIA
NISSAN;SERENA;CAMIONETA VAN;15;PARTICULAR, TRANSPORTE DE PERSONAL, SERVICIO ESCOLAR, COMERCIAL AMBULANCIA
NISSAN;VANETTE;CAMIONETA VAN;15;PARTICULAR, TRANSPORTE DE PERSONAL, SERVICIO ESCOLAR, COMERCIAL AMBULANCIA
RENAULT;MASTER;CAMIONETA VAN;15;PARTICULAR, TRANSPORTE DE PERSONAL, SERVICIO ESCOLAR, COMERCIAL AMBULANCIA
RENAULT;TRAFIC;CAMIONETA VAN;15;PARTICULAR, TRANSPORTE DE PERSONAL, SERVICIO ESCOLAR, COMERCIAL AMBULANCIA
TOYOTA;HIACE;CAMIONETA VAN;15;PARTICULAR, TRANSPORTE DE PERSONAL, SERVICIO ESCOLAR, COMERCIAL AMBULANCIA
TOYOTA;LITEACE;CAMIONETA VAN;15;PARTICULAR, TRANSPORTE DE PERSONAL, SERVICIO ESCOLAR, COMERCIAL AMBULANCIA
TOYOTA;TOWNACE;CAMIONETA VAN;15;PARTICULAR, TRANSPORTE DE PERSONAL, SERVICIO ESCOLAR, COMERCIAL AMBULANCIA
VOLKSWAGEN;TRANSPORTER;CAMIONETA VAN;15;PARTICULAR, TRANSPORTE DE PERSONAL, SERVICIO ESCOLAR, COMERCIAL AMBULANCIA
VOLKSWAGEN;CARAVELLE;CAMIONETA VAN;15;PARTICULAR, TRANSPORTE DE PERSONAL, SERVICIO ESCOLAR, COMERCIAL AMBULANCIA
VOLKSWAGEN;CRAFTER;CAMIONETA VAN;15;PARTICULAR, TRANSPORTE DE PERSONAL, SERVICIO ESCOLAR, COMERCIAL AMBULANCIA
JUPITER;FJ6440AGK;CAMIONETA VAN;15;PARTICULAR, TRANSPORTE DE PERSONAL, SERVICIO ESCOLAR, COMERCIAL AMBULANCIA
JUPITER;STJ6400A;CAMIONETA VAN;15;PARTICULAR, TRANSPORTE DE PERSONAL, SERVICIO ESCOLAR, COMERCIAL AMBULANCIA
JOYEAR;X3;CAMIONETA VAN;15;PARTICULAR, TRANSPORTE DE PERSONAL, SERVICIO ESCOLAR, COMERCIAL AMBULANCIA
JINCHENG;GDQ6530;CAMIONETA VAN;15;PARTICULAR, TRANSPORTE DE PERSONAL, SERVICIO ESCOLAR, COMERCIAL AMBULANCIA
ASIA;TOPIC;CAMIONETA VAN;15;PARTICULAR, TRANSPORTE DE PERSONAL, SERVICIO ESCOLAR, COMERCIAL AMBULANCIA
ASIA;A102;CAMIONETA VAN;15;PARTICULAR, TRANSPORTE DE PERSONAL, SERVICIO ESCOLAR, COMERCIAL AMBULANCIA
FIGHTER;GDQ6531A1;CAMIONETA VAN;15;PARTICULAR, TRANSPORTE DE PERSONAL, SERVICIO ESCOLAR, COMERCIAL AMBULANCIA
SHINERAY;X30;CAMIONETA VAN;15;PARTICULAR, TRANSPORTE DE PERSONAL, SERVICIO ESCOLAR, COMERCIAL AMBULANCIA
SHINERAY;X30L;CAMIONETA VAN;15;PARTICULAR, TRANSPORTE DE PERSONAL, SERVICIO ESCOLAR, COMERCIAL AMBULANCIA
TOYOTA;COASTER;MICROBUS;15;TRANSPORTE DE PERSONAL, URBANO, SERVICIO ESCOLAR, COMERCIAL
TOYOTA;HIACE COMBI;MICROBUS;15;TRANSPORTE DE PERSONAL, URBANO, SERVICIO ESCOLAR, COMERCIAL
TOYOTA;LITEACE COMBI;MICROBUS;15;TRANSPORTE DE PERSONAL, URBANO, SERVICIO ESCOLAR, COMERCIAL
KIA;COSMOS;MICROBUS;15;TRANSPORTE DE PERSONAL, URBANO, SERVICIO ESCOLAR, COMERCIAL
KIA;COMBI;MICROBUS;15;TRANSPORTE DE PERSONAL, URBANO, SERVICIO ESCOLAR, COMERCIAL
KIA;PREGIO;MICROBUS;15;TRANSPORTE DE PERSONAL, URBANO, SERVICIO ESCOLAR, COMERCIAL
ASIA;TOPIC;MICROBUS;15;TRANSPORTE DE PERSONAL, URBANO, SERVICIO ESCOLAR, COMERCIAL
ASIA;COSMOS;MICROBUS;15;TRANSPORTE DE PERSONAL, URBANO, SERVICIO ESCOLAR, COMERCIAL
HYUNDAI;COUNTY;MICROBUS;15;TRANSPORTE DE PERSONAL, URBANO, SERVICIO ESCOLAR, COMERCIAL
HYUNDAI;MIGHTY BUS;MICROBUS;15;TRANSPORTE DE PERSONAL, URBANO, SERVICIO ESCOLAR, COMERCIAL
HYUNDAI;H-1;MICROBUS;15;TRANSPORTE DE PERSONAL, URBANO, SERVICIO ESCOLAR, COMERCIAL
NISSAN;URVAN;MICROBUS;15;TRANSPORTE DE PERSONAL, URBANO, SERVICIO ESCOLAR, COMERCIAL
NISSAN;CIVILIAN;MICROBUS;15;TRANSPORTE DE PERSONAL, URBANO, SERVICIO ESCOLAR, COMERCIAL
NISSAN;CARAVAN;MICROBUS;15;TRANSPORTE DE PERSONAL, URBANO, SERVICIO ESCOLAR, COMERCIAL
MITSUBISHI;ROSA;MICROBUS;15;TRANSPORTE DE PERSONAL, URBANO, SERVICIO ESCOLAR, COMERCIAL
MITSUBISHI;CANTER BUS;MICROBUS;15;TRANSPORTE DE PERSONAL, URBANO, SERVICIO ESCOLAR, COMERCIAL
ISUZU;JOURNEY;MICROBUS;15;TRANSPORTE DE PERSONAL, URBANO, SERVICIO ESCOLAR, COMERCIAL
ISUZU;FARGO BUS;MICROBUS;15;TRANSPORTE DE PERSONAL, URBANO, SERVICIO ESCOLAR, COMERCIAL
JAC;SUNRAY BUS;MICROBUS;15;TRANSPORTE DE PERSONAL, URBANO, SERVICIO ESCOLAR, COMERCIAL
JAC;HKL6600;MICROBUS;15;TRANSPORTE DE PERSONAL, URBANO, SERVICIO ESCOLAR, COMERCIAL
JOYLONG;HKL6500;MICROBUS;15;TRANSPORTE DE PERSONAL, URBANO, SERVICIO ESCOLAR, COMERCIAL
JOYLONG;HKL6700;MICROBUS;15;TRANSPORTE DE PERSONAL, URBANO, SERVICIO ESCOLAR, COMERCIAL
CHANGAN;NEW SUPERVAN;MICROBUS;15;TRANSPORTE DE PERSONAL, URBANO, SERVICIO ESCOLAR, COMERCIAL
CHANGAN;GRAND VAN;MICROBUS;15;TRANSPORTE DE PERSONAL, URBANO, SERVICIO ESCOLAR, COMERCIAL
YUTONG;ZK6720;MICROBUS;15;TRANSPORTE DE PERSONAL, URBANO, SERVICIO ESCOLAR, COMERCIAL
YUTONG;ZK6737;MICROBUS;15;TRANSPORTE DE PERSONAL, URBANO, SERVICIO ESCOLAR, COMERCIAL
FOTON;TOANO BUS;MICROBUS;15;TRANSPORTE DE PERSONAL, URBANO, SERVICIO ESCOLAR, COMERCIAL
FOTON;VIEW CS2;MICROBUS;15;TRANSPORTE DE PERSONAL, URBANO, SERVICIO ESCOLAR, COMERCIAL
FUSO;ROSA;MICROBUS;15;TRANSPORTE DE PERSONAL, URBANO, SERVICIO ESCOLAR, COMERCIAL
MERCEDES-BENZ;SPRINTER;MICROBUS;15;TRANSPORTE DE PERSONAL, URBANO, SERVICIO ESCOLAR, COMERCIAL
VOLKSWAGEN;CRAFTER;MICROBUS;15;TRANSPORTE DE PERSONAL, URBANO, SERVICIO ESCOLAR, COMERCIAL
VOLKSWAGEN;TRANSPORTER;MICROBUS;15;TRANSPORTE DE PERSONAL, URBANO, SERVICIO ESCOLAR, COMERCIAL
HYUNDAI;COUNTY;MINIBUS;29;TRANSPORTE DE PERSONAL, URBANO, INTERPROVINCIAL, SERVICIO ESCOLAR, COMERCIAL
HYUNDAI;AERO TOWN;MINIBUS;29;TRANSPORTE DE PERSONAL, URBANO, INTERPROVINCIAL, SERVICIO ESCOLAR, COMERCIAL
HYUNDAI;AERO CITY;MINIBUS;29;TRANSPORTE DE PERSONAL, URBANO, INTERPROVINCIAL, SERVICIO ESCOLAR, COMERCIAL
KIA;GRANBIRD;MINIBUS;29;TRANSPORTE DE PERSONAL, URBANO, INTERPROVINCIAL, SERVICIO ESCOLAR, COMERCIAL
KIA;COSMOS;MINIBUS;29;TRANSPORTE DE PERSONAL, URBANO, INTERPROVINCIAL, SERVICIO ESCOLAR, COMERCIAL
MITSUBISHI;ROSA;MINIBUS;29;TRANSPORTE DE PERSONAL, URBANO, INTERPROVINCIAL, SERVICIO ESCOLAR, COMERCIAL
NISSAN;CIVILIAN;MINIBUS;29;TRANSPORTE DE PERSONAL, URBANO, INTERPROVINCIAL, SERVICIO ESCOLAR, COMERCIAL
TOYOTA;COASTER;MINIBUS;29;TRANSPORTE DE PERSONAL, URBANO, INTERPROVINCIAL, SERVICIO ESCOLAR, COMERCIAL
ISUZU;JOURNEY;MINIBUS;29;TRANSPORTE DE PERSONAL, URBANO, INTERPROVINCIAL, SERVICIO ESCOLAR, COMERCIAL
ISUZU;ERGA MIO;MINIBUS;29;TRANSPORTE DE PERSONAL, URBANO, INTERPROVINCIAL, SERVICIO ESCOLAR, COMERCIAL
JAC;SUNRAY BUS;MINIBUS;29;TRANSPORTE DE PERSONAL, URBANO, INTERPROVINCIAL, SERVICIO ESCOLAR, COMERCIAL
YUTONG;ZK6720;MINIBUS;29;TRANSPORTE DE PERSONAL, URBANO, INTERPROVINCIAL, SERVICIO ESCOLAR, COMERCIAL
YUTONG;ZK6737;MINIBUS;29;TRANSPORTE DE PERSONAL, URBANO, INTERPROVINCIAL, SERVICIO ESCOLAR, COMERCIAL
YUTONG;ZK6858;MINIBUS;29;TRANSPORTE DE PERSONAL, URBANO, INTERPROVINCIAL, SERVICIO ESCOLAR, COMERCIAL
FOTON;TOANO BUS;MINIBUS;29;TRANSPORTE DE PERSONAL, URBANO, INTERPROVINCIAL, SERVICIO ESCOLAR, COMERCIAL
KING LONG;XMQ6706;MINIBUS;29;TRANSPORTE DE PERSONAL, URBANO, INTERPROVINCIAL, SERVICIO ESCOLAR, COMERCIAL
KING LONG;XMQ6900;MINIBUS;29;TRANSPORTE DE PERSONAL, URBANO, INTERPROVINCIAL, SERVICIO ESCOLAR, COMERCIAL
ZHONGTONG;LCK6660;MINIBUS;29;TRANSPORTE DE PERSONAL, URBANO, INTERPROVINCIAL, SERVICIO ESCOLAR, COMERCIAL
ZHONGTONG;LCK6107;MINIBUS;29;TRANSPORTE DE PERSONAL, URBANO, INTERPROVINCIAL, SERVICIO ESCOLAR, COMERCIAL
FUSO;ROSA;MINIBUS;29;TRANSPORTE DE PERSONAL, URBANO, INTERPROVINCIAL, SERVICIO ESCOLAR, COMERCIAL
MERCEDES-BENZ;SPRINTER;MINIBUS;29;TRANSPORTE DE PERSONAL, URBANO, INTERPROVINCIAL, SERVICIO ESCOLAR, COMERCIAL
VOLVO;B7R;MINIBUS;29;TRANSPORTE DE PERSONAL, URBANO, INTERPROVINCIAL, SERVICIO ESCOLAR, COMERCIAL
MERCEDES-BENZ;O500;OMNIBUS;45;INTERPROVINCIAL, URBANO, TRANSPORTE DE PERSONAL, SERVICIO ESCOLAR, COMERCIAL
MERCEDES-BENZ;O371;OMNIBUS;45;INTERPROVINCIAL, URBANO, TRANSPORTE DE PERSONAL, SERVICIO ESCOLAR, COMERCIAL
MERCEDES-BENZ;O400;OMNIBUS;45;INTERPROVINCIAL, URBANO, TRANSPORTE DE PERSONAL, SERVICIO ESCOLAR, COMERCIAL
MERCEDES-BENZ;O500U;OMNIBUS;45;INTERPROVINCIAL, URBANO, TRANSPORTE DE PERSONAL, SERVICIO ESCOLAR, COMERCIAL
MERCEDES-BENZ;OF1721;OMNIBUS;45;INTERPROVINCIAL, URBANO, TRANSPORTE DE PERSONAL, SERVICIO ESCOLAR, COMERCIAL
MERCEDES-BENZ;OH1621;OMNIBUS;45;INTERPROVINCIAL, URBANO, TRANSPORTE DE PERSONAL, SERVICIO ESCOLAR, COMERCIAL
VOLVO;B7R;OMNIBUS;45;INTERPROVINCIAL, URBANO, TRANSPORTE DE PERSONAL, SERVICIO ESCOLAR, COMERCIAL
VOLVO;B9R;OMNIBUS;45;INTERPROVINCIAL, URBANO, TRANSPORTE DE PERSONAL, SERVICIO ESCOLAR, COMERCIAL
VOLVO;B10M;OMNIBUS;45;INTERPROVINCIAL, URBANO, TRANSPORTE DE PERSONAL, SERVICIO ESCOLAR, COMERCIAL
VOLVO;B12M;OMNIBUS;45;INTERPROVINCIAL, URBANO, TRANSPORTE DE PERSONAL, SERVICIO ESCOLAR, COMERCIAL
VOLVO;B380R;OMNIBUS;45;INTERPROVINCIAL, URBANO, TRANSPORTE DE PERSONAL, SERVICIO ESCOLAR, COMERCIAL
VOLVO;B430R;OMNIBUS;45;INTERPROVINCIAL, URBANO, TRANSPORTE DE PERSONAL, SERVICIO ESCOLAR, COMERCIAL
SCANIA;K113;OMNIBUS;45;INTERPROVINCIAL, URBANO, TRANSPORTE DE PERSONAL, SERVICIO ESCOLAR, COMERCIAL
SCANIA;K124;OMNIBUS;45;INTERPROVINCIAL, URBANO, TRANSPORTE DE PERSONAL, SERVICIO ESCOLAR, COMERCIAL
SCANIA;K270;OMNIBUS;45;INTERPROVINCIAL, URBANO, TRANSPORTE DE PERSONAL, SERVICIO ESCOLAR, COMERCIAL
SCANIA;K360;OMNIBUS;45;INTERPROVINCIAL, URBANO, TRANSPORTE DE PERSONAL, SERVICIO ESCOLAR, COMERCIAL
SCANIA;K400;OMNIBUS;45;INTERPROVINCIAL, URBANO, TRANSPORTE DE PERSONAL, SERVICIO ESCOLAR, COMERCIAL
SCANIA;F113;OMNIBUS;45;INTERPROVINCIAL, URBANO, TRANSPORTE DE PERSONAL, SERVICIO ESCOLAR, COMERCIAL
SCANIA;F94;OMNIBUS;45;INTERPROVINCIAL, URBANO, TRANSPORTE DE PERSONAL, SERVICIO ESCOLAR, COMERCIAL
MAN;LION COACH;OMNIBUS;45;INTERPROVINCIAL, URBANO, TRANSPORTE DE PERSONAL, SERVICIO ESCOLAR, COMERCIAL
MAN;LION CITY;OMNIBUS;45;INTERPROVINCIAL, URBANO, TRANSPORTE DE PERSONAL, SERVICIO ESCOLAR, COMERCIAL
MAN;LIONS STAR;OMNIBUS;45;INTERPROVINCIAL, URBANO, TRANSPORTE DE PERSONAL, SERVICIO ESCOLAR, COMERCIAL
IVECO;DAILY;OMNIBUS;45;INTERPROVINCIAL, URBANO, TRANSPORTE DE PERSONAL, SERVICIO ESCOLAR, COMERCIAL
IVECO;CROSSWAY;OMNIBUS;45;INTERPROVINCIAL, URBANO, TRANSPORTE DE PERSONAL, SERVICIO ESCOLAR, COMERCIAL
IVECO;EUROCLASS;OMNIBUS;45;INTERPROVINCIAL, URBANO, TRANSPORTE DE PERSONAL, SERVICIO ESCOLAR, COMERCIAL
YUTONG;ZK6122;OMNIBUS;45;INTERPROVINCIAL, URBANO, TRANSPORTE DE PERSONAL, SERVICIO ESCOLAR, COMERCIAL
YUTONG;ZK6129;OMNIBUS;45;INTERPROVINCIAL, URBANO, TRANSPORTE DE PERSONAL, SERVICIO ESCOLAR, COMERCIAL
YUTONG;ZK6130;OMNIBUS;45;INTERPROVINCIAL, URBANO, TRANSPORTE DE PERSONAL, SERVICIO ESCOLAR, COMERCIAL
YUTONG;ZK6118;OMNIBUS;45;INTERPROVINCIAL, URBANO, TRANSPORTE DE PERSONAL, SERVICIO ESCOLAR, COMERCIAL
KING LONG;XMQ6110;OMNIBUS;45;INTERPROVINCIAL, URBANO, TRANSPORTE DE PERSONAL, SERVICIO ESCOLAR, COMERCIAL
KING LONG;XMQ6127;OMNIBUS;45;INTERPROVINCIAL, URBANO, TRANSPORTE DE PERSONAL, SERVICIO ESCOLAR, COMERCIAL
KING LONG;XMQ6130;OMNIBUS;45;INTERPROVINCIAL, URBANO, TRANSPORTE DE PERSONAL, SERVICIO ESCOLAR, COMERCIAL
ZHONGTONG;LCK6120;OMNIBUS;45;INTERPROVINCIAL, URBANO, TRANSPORTE DE PERSONAL, SERVICIO ESCOLAR, COMERCIAL
ZHONGTONG;LCK6140;OMNIBUS;45;INTERPROVINCIAL, URBANO, TRANSPORTE DE PERSONAL, SERVICIO ESCOLAR, COMERCIAL
HINO;RC;OMNIBUS;45;INTERPROVINCIAL, URBANO, TRANSPORTE DE PERSONAL, SERVICIO ESCOLAR, COMERCIAL
HINO;AK;OMNIBUS;45;INTERPROVINCIAL, URBANO, TRANSPORTE DE PERSONAL, SERVICIO ESCOLAR, COMERCIAL
HINO;RU;OMNIBUS;45;INTERPROVINCIAL, URBANO, TRANSPORTE DE PERSONAL, SERVICIO ESCOLAR, COMERCIAL
DAEWOO;BH115;OMNIBUS;45;INTERPROVINCIAL, URBANO, TRANSPORTE DE PERSONAL, SERVICIO ESCOLAR, COMERCIAL
DAEWOO;BH120;OMNIBUS;45;INTERPROVINCIAL, URBANO, TRANSPORTE DE PERSONAL, SERVICIO ESCOLAR, COMERCIAL
DAEWOO;BS106;OMNIBUS;45;INTERPROVINCIAL, URBANO, TRANSPORTE DE PERSONAL, SERVICIO ESCOLAR, COMERCIAL
NEOPLAN;STARLINER;OMNIBUS;45;INTERPROVINCIAL, URBANO, TRANSPORTE DE PERSONAL, SERVICIO ESCOLAR, COMERCIAL
NEOPLAN;TOURLINER;OMNIBUS;45;INTERPROVINCIAL, URBANO, TRANSPORTE DE PERSONAL, SERVICIO ESCOLAR, COMERCIAL
NEOPLAN;CITYLINER;OMNIBUS;45;INTERPROVINCIAL, URBANO, TRANSPORTE DE PERSONAL, SERVICIO ESCOLAR, COMERCIAL
IRIZAR;CENTURY;OMNIBUS;45;INTERPROVINCIAL, URBANO, TRANSPORTE DE PERSONAL, SERVICIO ESCOLAR, COMERCIAL
IRIZAR;PB;OMNIBUS;45;INTERPROVINCIAL, URBANO, TRANSPORTE DE PERSONAL, SERVICIO ESCOLAR, COMERCIAL
IRIZAR;I6;OMNIBUS;45;INTERPROVINCIAL, URBANO, TRANSPORTE DE PERSONAL, SERVICIO ESCOLAR, COMERCIAL
CHEVROLET;D-20;CAMIÓN BARANDA / FURGÓN;3;CARGA, COMERCIAL
CHEVROLET;KODIAK;CAMIÓN BARANDA / FURGÓN;3;CARGA, COMERCIAL
CHEVROLET;NPR;CAMIÓN BARANDA / FURGÓN;3;CARGA, COMERCIAL
CHEVROLET;NQR;CAMIÓN BARANDA / FURGÓN;3;CARGA, COMERCIAL
CHEVROLET;FTR;CAMIÓN BARANDA / FURGÓN;3;CARGA, COMERCIAL
CHEVROLET;FVR;CAMIÓN BARANDA / FURGÓN;3;CARGA, COMERCIAL
CHEVROLET;NHR;CAMIÓN BARANDA / FURGÓN;3;CARGA, COMERCIAL
DAIHATSU;DELTA;CAMIÓN BARANDA / FURGÓN;3;CARGA, COMERCIAL
DAIHATSU;F20LV;CAMIÓN BARANDA / FURGÓN;3;CARGA, COMERCIAL
DAIHATSU;V107LB-S;CAMIÓN BARANDA / FURGÓN;3;CARGA, COMERCIAL
DONGFENG;DFA;CAMIÓN BARANDA / FURGÓN;3;CARGA, COMERCIAL
DONGFENG;DFAC;CAMIÓN BARANDA / FURGÓN;3;CARGA, COMERCIAL
DONGFENG;K01;CAMIÓN BARANDA / FURGÓN;3;CARGA, COMERCIAL
DONGFENG;K02;CAMIÓN BARANDA / FURGÓN;3;CARGA, COMERCIAL
DONGFENG;K07;CAMIÓN BARANDA / FURGÓN;3;CARGA, COMERCIAL
DONGFENG;K61;CAMIÓN BARANDA / FURGÓN;3;CARGA, COMERCIAL
DONGFENG;K61952;CAMIÓN BARANDA / FURGÓN;3;CARGA, COMERCIAL
FAW;J6;CAMIÓN BARANDA / FURGÓN;3;CARGA, COMERCIAL
FAW;TIGER;CAMIÓN BARANDA / FURGÓN;3;CARGA, COMERCIAL
FAW;CA1041;CAMIÓN BARANDA / FURGÓN;3;CARGA, COMERCIAL
FAW;CA1061;CAMIÓN BARANDA / FURGÓN;3;CARGA, COMERCIAL
FAW;CA1120;CAMIÓN BARANDA / FURGÓN;3;CARGA, COMERCIAL
FOTON;AUMARK;CAMIÓN BARANDA / FURGÓN;3;CARGA, COMERCIAL
FOTON;AUMAN;CAMIÓN BARANDA / FURGÓN;3;CARGA, COMERCIAL
FOTON;MINITRUCK;CAMIÓN BARANDA / FURGÓN;3;CARGA, COMERCIAL
FOTON;M4;CAMIÓN BARANDA / FURGÓN;3;CARGA, COMERCIAL
FOTON;M5;CAMIÓN BARANDA / FURGÓN;3;CARGA, COMERCIAL
FOTON;M6;CAMIÓN BARANDA / FURGÓN;3;CARGA, COMERCIAL
FOTON;MILLER;CAMIÓN BARANDA / FURGÓN;3;CARGA, COMERCIAL
HINO;300;CAMIÓN BARANDA / FURGÓN;3;CARGA, COMERCIAL
HINO;500;CAMIÓN BARANDA / FURGÓN;3;CARGA, COMERCIAL
HINO;700;CAMIÓN BARANDA / FURGÓN;3;CARGA, COMERCIAL
HINO;DUTRO;CAMIÓN BARANDA / FURGÓN;3;CARGA, COMERCIAL
HINO;FC;CAMIÓN BARANDA / FURGÓN;3;CARGA, COMERCIAL
HINO;GD;CAMIÓN BARANDA / FURGÓN;3;CARGA, COMERCIAL
HINO;GH;CAMIÓN BARANDA / FURGÓN;3;CARGA, COMERCIAL
HINO;FG;CAMIÓN BARANDA / FURGÓN;3;CARGA, COMERCIAL
HINO;FM;CAMIÓN BARANDA / FURGÓN;3;CARGA, COMERCIAL
HINO;FS;CAMIÓN BARANDA / FURGÓN;3;CARGA, COMERCIAL
ISUZU;NHR;CAMIÓN BARANDA / FURGÓN;3;CARGA, COMERCIAL
ISUZU;NKR;CAMIÓN BARANDA / FURGÓN;3;CARGA, COMERCIAL
ISUZU;NPR;CAMIÓN BARANDA / FURGÓN;3;CARGA, COMERCIAL
ISUZU;NQR;CAMIÓN BARANDA / FURGÓN;3;CARGA, COMERCIAL
ISUZU;FRR;CAMIÓN BARANDA / FURGÓN;3;CARGA, COMERCIAL
ISUZU;FTR;CAMIÓN BARANDA / FURGÓN;3;CARGA, COMERCIAL
ISUZU;FVR;CAMIÓN BARANDA / FURGÓN;3;CARGA, COMERCIAL
ISUZU;FVM;CAMIÓN BARANDA / FURGÓN;3;CARGA, COMERCIAL
ISUZU;FVZ;CAMIÓN BARANDA / FURGÓN;3;CARGA, COMERCIAL
JAC;X200;CAMIÓN BARANDA / FURGÓN;3;CARGA, COMERCIAL
JAC;N200;CAMIÓN BARANDA / FURGÓN;3;CARGA, COMERCIAL
JAC;N300;CAMIÓN BARANDA / FURGÓN;3;CARGA, COMERCIAL
JAC;N400;CAMIÓN BARANDA / FURGÓN;3;CARGA, COMERCIAL
JAC;N500;CAMIÓN BARANDA / FURGÓN;3;CARGA, COMERCIAL
JMC;CANTER;CAMIÓN BARANDA / FURGÓN;3;CARGA, COMERCIAL
JMC;NKR;CAMIÓN BARANDA / FURGÓN;3;CARGA, COMERCIAL
JMC;JX1063;CAMIÓN BARANDA / FURGÓN;3;CARGA, COMERCIAL
JMC;JX1047;CAMIÓN BARANDA / FURGÓN;3;CARGA, COMERCIAL
KIA;K2500;CAMIÓN BARANDA / FURGÓN;3;CARGA, COMERCIAL
KIA;K2700;CAMIÓN BARANDA / FURGÓN;3;CARGA, COMERCIAL
KIA;K2900;CAMIÓN BARANDA / FURGÓN;3;CARGA, COMERCIAL
KIA;K3000;CAMIÓN BARANDA / FURGÓN;3;CARGA, COMERCIAL
KIA;K3600;CAMIÓN BARANDA / FURGÓN;3;CARGA, COMERCIAL
MITSUBISHI;CANTER;CAMIÓN BARANDA / FURGÓN;3;CARGA, COMERCIAL
MITSUBISHI;FUSO;CAMIÓN BARANDA / FURGÓN;3;CARGA, COMERCIAL
MITSUBISHI;FE;CAMIÓN BARANDA / FURGÓN;3;CARGA, COMERCIAL
MITSUBISHI;FG;CAMIÓN BARANDA / FURGÓN;3;CARGA, COMERCIAL
MITSUBISHI;FK;CAMIÓN BARANDA / FURGÓN;3;CARGA, COMERCIAL
MITSUBISHI;FM;CAMIÓN BARANDA / FURGÓN;3;CARGA, COMERCIAL
RENAULT;MIDLUM;CAMIÓN BARANDA / FURGÓN;3;CARGA, COMERCIAL
RENAULT;PREMIUM;CAMIÓN BARANDA / FURGÓN;3;CARGA, COMERCIAL
RENAULT;KERAX;CAMIÓN BARANDA / FURGÓN;3;CARGA, COMERCIAL
RENAULT;MASTER;CAMIÓN BARANDA / FURGÓN;3;CARGA, COMERCIAL
SINOTRUK;HOWO;CAMIÓN BARANDA / FURGÓN;3;CARGA, COMERCIAL
SINOTRUK;HOWO T5G;CAMIÓN BARANDA / FURGÓN;3;CARGA, COMERCIAL
SINOTRUK;T7H;CAMIÓN BARANDA / FURGÓN;3;CARGA, COMERCIAL
SHACMAN;F2000;CAMIÓN BARANDA / FURGÓN;3;CARGA, COMERCIAL
SHACMAN;X3000;CAMIÓN BARANDA / FURGÓN;3;CARGA, COMERCIAL
SHACMAN;X5000;CAMIÓN BARANDA / FURGÓN;3;CARGA, COMERCIAL
SCANIA;P94;CAMIÓN BARANDA / FURGÓN;3;CARGA, COMERCIAL
SCANIA;P114;CAMIÓN BARANDA / FURGÓN;3;CARGA, COMERCIAL
SCANIA;P124;CAMIÓN BARANDA / FURGÓN;3;CARGA, COMERCIAL
SCANIA;P340;CAMIÓN BARANDA / FURGÓN;3;CARGA, COMERCIAL
SCANIA;P360;CAMIÓN BARANDA / FURGÓN;3;CARGA, COMERCIAL
SCANIA;G380;CAMIÓN BARANDA / FURGÓN;3;CARGA, COMERCIAL
SCANIA;G410;CAMIÓN BARANDA / FURGÓN;3;CARGA, COMERCIAL
SCANIA;R420;CAMIÓN BARANDA / FURGÓN;3;CARGA, COMERCIAL
SCANIA;R500;CAMIÓN BARANDA / FURGÓN;3;CARGA, COMERCIAL
VOLVO;FH;CAMIÓN BARANDA / FURGÓN;3;CARGA, COMERCIAL
VOLVO;FM;CAMIÓN BARANDA / FURGÓN;3;CARGA, COMERCIAL
VOLVO;FMX;CAMIÓN BARANDA / FURGÓN;3;CARGA, COMERCIAL
VOLVO;FL;CAMIÓN BARANDA / FURGÓN;3;CARGA, COMERCIAL
MAN;TGA;CAMIÓN BARANDA / FURGÓN;3;CARGA, COMERCIAL
MAN;TGS;CAMIÓN BARANDA / FURGÓN;3;CARGA, COMERCIAL
MAN;TGX;CAMIÓN BARANDA / FURGÓN;3;CARGA, COMERCIAL
MAN;TGM;CAMIÓN BARANDA / FURGÓN;3;CARGA, COMERCIAL
MERCEDES-BENZ;ATEGO;CAMIÓN BARANDA / FURGÓN;3;CARGA, COMERCIAL
MERCEDES-BENZ;AXOR;CAMIÓN BARANDA / FURGÓN;3;CARGA, COMERCIAL
MERCEDES-BENZ;ACTROS;CAMIÓN BARANDA / FURGÓN;3;CARGA, COMERCIAL
MERCEDES-BENZ;ACCELO;CAMIÓN BARANDA / FURGÓN;3;CARGA, COMERCIAL
MERCEDES-BENZ;UNIMOG;CAMIÓN BARANDA / FURGÓN;3;CARGA, COMERCIAL
IVECO;DAILY;CAMIÓN BARANDA / FURGÓN;3;CARGA, COMERCIAL
IVECO;EUROCARGO;CAMIÓN BARANDA / FURGÓN;3;CARGA, COMERCIAL
IVECO;STRALIS;CAMIÓN BARANDA / FURGÓN;3;CARGA, COMERCIAL
IVECO;TRAKKER;CAMIÓN BARANDA / FURGÓN;3;CARGA, COMERCIAL
DAF;CF;CAMIÓN BARANDA / FURGÓN;3;CARGA, COMERCIAL
DAF;XF;CAMIÓN BARANDA / FURGÓN;3;CARGA, COMERCIAL
DAF;LF;CAMIÓN BARANDA / FURGÓN;3;CARGA, COMERCIAL
HYUNDAI;HD65;CAMIÓN BARANDA / FURGÓN;3;CARGA, COMERCIAL
HYUNDAI;HD72;CAMIÓN BARANDA / FURGÓN;3;CARGA, COMERCIAL
HYUNDAI;HD78;CAMIÓN BARANDA / FURGÓN;3;CARGA, COMERCIAL
HYUNDAI;HD120;CAMIÓN BARANDA / FURGÓN;3;CARGA, COMERCIAL
HYUNDAI;HD170;CAMIÓN BARANDA / FURGÓN;3;CARGA, COMERCIAL
HYUNDAI;MIGHTY;CAMIÓN BARANDA / FURGÓN;3;CARGA, COMERCIAL
HYUNDAI;XCIENT;CAMIÓN BARANDA / FURGÓN;3;CARGA, COMERCIAL
TOYOTA;DYNA;CAMIÓN BARANDA / FURGÓN;3;CARGA, COMERCIAL
TOYOTA;TOYOACE;CAMIÓN BARANDA / FURGÓN;3;CARGA, COMERCIAL
TOYOTA;DYNA 200;CAMIÓN BARANDA / FURGÓN;3;CARGA, COMERCIAL
TOYOTA;DYNA 300;CAMIÓN BARANDA / FURGÓN;3;CARGA, COMERCIAL
TOYOTA;DYNA 400;CAMIÓN BARANDA / FURGÓN;3;CARGA, COMERCIAL
VOLKSWAGEN;DELIVERY;CAMIÓN BARANDA / FURGÓN;3;CARGA, COMERCIAL
VOLKSWAGEN;CONSTELLATION;CAMIÓN BARANDA / FURGÓN;3;CARGA, COMERCIAL
VOLKSWAGEN;WORKER;CAMIÓN BARANDA / FURGÓN;3;CARGA, COMERCIAL
VOLKSWAGEN;WORKER 9.150;CAMIÓN BARANDA / FURGÓN;3;CARGA, COMERCIAL
VOLKSWAGEN;WORKER 15.180;CAMIÓN BARANDA / FURGÓN;3;CARGA, COMERCIAL
MERCEDES-BENZ;ACTROS;CAMIÓN REMOLCADOR;3;CARGA, COMERCIAL
MERCEDES-BENZ;AXOR;CAMIÓN REMOLCADOR;3;CARGA, COMERCIAL
MERCEDES-BENZ;AROCS;CAMIÓN REMOLCADOR;3;CARGA, COMERCIAL
VOLVO;FH;CAMIÓN REMOLCADOR;3;CARGA, COMERCIAL
VOLVO;FM;CAMIÓN REMOLCADOR;3;CARGA, COMERCIAL
VOLVO;FMX;CAMIÓN REMOLCADOR;3;CARGA, COMERCIAL
SCANIA;P310;CAMIÓN REMOLCADOR;3;CARGA, COMERCIAL
SCANIA;P340;CAMIÓN REMOLCADOR;3;CARGA, COMERCIAL
SCANIA;G410;CAMIÓN REMOLCADOR;3;CARGA, COMERCIAL
SCANIA;R400;CAMIÓN REMOLCADOR;3;CARGA, COMERCIAL
SCANIA;R450;CAMIÓN REMOLCADOR;3;CARGA, COMERCIAL
SCANIA;R500;CAMIÓN REMOLCADOR;3;CARGA, COMERCIAL
MAN;TGX;CAMIÓN REMOLCADOR;3;CARGA, COMERCIAL
MAN;TGS;CAMIÓN REMOLCADOR;3;CARGA, COMERCIAL
MAN;TGA;CAMIÓN REMOLCADOR;3;CARGA, COMERCIAL
DAF;XF;CAMIÓN REMOLCADOR;3;CARGA, COMERCIAL
DAF;CF;CAMIÓN REMOLCADOR;3;CARGA, COMERCIAL
IVECO;STRALIS;CAMIÓN REMOLCADOR;3;CARGA, COMERCIAL
IVECO;TRAKKER;CAMIÓN REMOLCADOR;3;CARGA, COMERCIAL
SHACMAN;X3000;CAMIÓN REMOLCADOR;3;CARGA, COMERCIAL
SHACMAN;X5000;CAMIÓN REMOLCADOR;3;CARGA, COMERCIAL
SINOTRUK;HOWO;CAMIÓN REMOLCADOR;3;CARGA, COMERCIAL
SINOTRUK;T7H;CAMIÓN REMOLCADOR;3;CARGA, COMERCIAL
FREIGHTLINER;COLUMBIA;CAMIÓN REMOLCADOR;3;CARGA, COMERCIAL
FREIGHTLINER;CASCADIA;CAMIÓN REMOLCADOR;3;CARGA, COMERCIAL
FREIGHTLINER;M2;CAMIÓN REMOLCADOR;3;CARGA, COMERCIAL
KENWORTH;T660;CAMIÓN REMOLCADOR;3;CARGA, COMERCIAL
KENWORTH;T680;CAMIÓN REMOLCADOR;3;CARGA, COMERCIAL
KENWORTH;T800;CAMIÓN REMOLCADOR;3;CARGA, COMERCIAL
INTERNATIONAL;9200;CAMIÓN REMOLCADOR;3;CARGA, COMERCIAL
INTERNATIONAL;9900;CAMIÓN REMOLCADOR;3;CARGA, COMERCIAL
INTERNATIONAL;TRANSTAR;CAMIÓN REMOLCADOR;3;CARGA, COMERCIAL
INTERNATIONAL;PROSTAR;CAMIÓN REMOLCADOR;3;CARGA, COMERCIAL
RENAULT;PREMIUM;CAMIÓN REMOLCADOR;3;CARGA, COMERCIAL
RENAULT;KERAX;CAMIÓN REMOLCADOR;3;CARGA, COMERCIAL
HINO;SS;CAMIÓN REMOLCADOR;3;CARGA, COMERCIAL
CHEVROLET;N300;FURGONETA;3;CARGA, COMERCIAL
CHEVROLET;N400;FURGONETA;3;CARGA, COMERCIAL
CHEVROLET;MONTANA VAN;FURGONETA;3;CARGA, COMERCIAL
DAIHATSU;DELTA VAN;FURGONETA;3;CARGA, COMERCIAL
FIAT;FIORINO;FURGONETA;3;CARGA, COMERCIAL
FIAT;DOBLO CARGO;FURGONETA;3;CARGA, COMERCIAL
FORD;TRANSIT COURIER;FURGONETA;3;CARGA, COMERCIAL
FORD;TRANSIT CONNECT;FURGONETA;3;CARGA, COMERCIAL
FOTON;VIEW;FURGONETA;3;CARGA, COMERCIAL
FOTON;MINI VAN;FURGONETA;3;CARGA, COMERCIAL
JAC;X200;FURGONETA;3;CARGA, COMERCIAL
JAC;SUNRAY CARGO;FURGONETA;3;CARGA, COMERCIAL
KIA;K2500;FURGONETA;3;CARGA, COMERCIAL
KIA;BONGO;FURGONETA;3;CARGA, COMERCIAL
NISSAN;NV200;FURGONETA;3;CARGA, COMERCIAL
NISSAN;VANETTE;FURGONETA;3;CARGA, COMERCIAL
NISSAN;URVAN;FURGONETA;3;CARGA, COMERCIAL
RENAULT;KANGOO;FURGONETA;3;CARGA, COMERCIAL
TOYOTA;PROBOX;FURGONETA;3;CARGA, COMERCIAL
TOYOTA;SUCCEED;FURGONETA;3;CARGA, COMERCIAL
VOLKSWAGEN;CADDY;FURGONETA;3;CARGA, COMERCIAL
VOLKSWAGEN;SAVEIRO CARGO;FURGONETA;3;CARGA, COMERCIAL
SUZUKI;APV;FURGONETA;3;CARGA, COMERCIAL
HONDA;CB125;MOTO LINEAL;2;PARTICULAR, COMERCIAL
HONDA;CB190R;MOTO LINEAL;2;PARTICULAR, COMERCIAL
HONDA;CB250;MOTO LINEAL;2;PARTICULAR, COMERCIAL
HONDA;CG125;MOTO LINEAL;2;PARTICULAR, COMERCIAL
HONDA;XR125;MOTO LINEAL;2;PARTICULAR, COMERCIAL
HONDA;XR150L;MOTO LINEAL;2;PARTICULAR, COMERCIAL
HONDA;XR190L;MOTO LINEAL;2;PARTICULAR, COMERCIAL
HONDA;CB190X;MOTO LINEAL;2;PARTICULAR, COMERCIAL
HONDA;XRE190;MOTO LINEAL;2;PARTICULAR, COMERCIAL
HONDA;XRE300;MOTO LINEAL;2;PARTICULAR, COMERCIAL
HONDA;NXR125;MOTO LINEAL;2;PARTICULAR, COMERCIAL
HONDA;WAVE;MOTO LINEAL;2;PARTICULAR, COMERCIAL
HONDA;ELITE;MOTO LINEAL;2;PARTICULAR, COMERCIAL
HONDA;DIO;MOTO LINEAL;2;PARTICULAR, COMERCIAL
HONDA;PCX;MOTO LINEAL;2;PARTICULAR, COMERCIAL
HONDA;ADV150;MOTO LINEAL;2;PARTICULAR, COMERCIAL
HONDA;ADV160;MOTO LINEAL;2;PARTICULAR, COMERCIAL
YAMAHA;CRYPTON;MOTO LINEAL;2;PARTICULAR, COMERCIAL
YAMAHA;FZ16;MOTO LINEAL;2;PARTICULAR, COMERCIAL
YAMAHA;FZ25;MOTO LINEAL;2;PARTICULAR, COMERCIAL
YAMAHA;XJ6;MOTO LINEAL;2;PARTICULAR, COMERCIAL
YAMAHA;MT-03;MOTO LINEAL;2;PARTICULAR, COMERCIAL
YAMAHA;MT-07;MOTO LINEAL;2;PARTICULAR, COMERCIAL
YAMAHA;MT-09;MOTO LINEAL;2;PARTICULAR, COMERCIAL
YAMAHA;YZF-R15;MOTO LINEAL;2;PARTICULAR, COMERCIAL
YAMAHA;R3;MOTO LINEAL;2;PARTICULAR, COMERCIAL
YAMAHA;XTZ125;MOTO LINEAL;2;PARTICULAR, COMERCIAL
YAMAHA;XTZ150;MOTO LINEAL;2;PARTICULAR, COMERCIAL
YAMAHA;XTZ250;MOTO LINEAL;2;PARTICULAR, COMERCIAL
YAMAHA;XTZ250 TÉNÉRÉ;MOTO LINEAL;2;PARTICULAR, COMERCIAL
YAMAHA;BWS;MOTO LINEAL;2;PARTICULAR, COMERCIAL
SUZUKI;AX100;MOTO LINEAL;2;PARTICULAR, COMERCIAL
SUZUKI;GN125;MOTO LINEAL;2;PARTICULAR, COMERCIAL
SUZUKI;EN125;MOTO LINEAL;2;PARTICULAR, COMERCIAL
SUZUKI;GS125;MOTO LINEAL;2;PARTICULAR, COMERCIAL
SUZUKI;GS150;MOTO LINEAL;2;PARTICULAR, COMERCIAL
SUZUKI;GSX150;MOTO LINEAL;2;PARTICULAR, COMERCIAL
SUZUKI;GIXXER;MOTO LINEAL;2;PARTICULAR, COMERCIAL
SUZUKI;GIXXER SF;MOTO LINEAL;2;PARTICULAR, COMERCIAL
SUZUKI;DR200;MOTO LINEAL;2;PARTICULAR, COMERCIAL
SUZUKI;DR650;MOTO LINEAL;2;PARTICULAR, COMERCIAL
SUZUKI;V-STROM 250;MOTO LINEAL;2;PARTICULAR, COMERCIAL
SUZUKI;V-STROM 650;MOTO LINEAL;2;PARTICULAR, COMERCIAL
SUZUKI;ADDRESS;MOTO LINEAL;2;PARTICULAR, COMERCIAL
BAJAJ;BOXER;MOTO LINEAL;2;PARTICULAR, COMERCIAL
BAJAJ;DISCOVER;MOTO LINEAL;2;PARTICULAR, COMERCIAL
BAJAJ;PULSAR 135;MOTO LINEAL;2;PARTICULAR, COMERCIAL
BAJAJ;PULSAR 150;MOTO LINEAL;2;PARTICULAR, COMERCIAL
BAJAJ;PULSAR 180;MOTO LINEAL;2;PARTICULAR, COMERCIAL
BAJAJ;PULSAR 200;MOTO LINEAL;2;PARTICULAR, COMERCIAL
BAJAJ;PULSAR 220;MOTO LINEAL;2;PARTICULAR, COMERCIAL
BAJAJ;DOMINAR 250;MOTO LINEAL;2;PARTICULAR, COMERCIAL
BAJAJ;DOMINAR 400;MOTO LINEAL;2;PARTICULAR, COMERCIAL
BAJAJ;AVENGER;MOTO LINEAL;2;PARTICULAR, COMERCIAL
KTM;DUKE 125;MOTO LINEAL;2;PARTICULAR, COMERCIAL
KTM;DUKE 200;MOTO LINEAL;2;PARTICULAR, COMERCIAL
KTM;DUKE 250;MOTO LINEAL;2;PARTICULAR, COMERCIAL
KTM;DUKE 390;MOTO LINEAL;2;PARTICULAR, COMERCIAL
KTM;RC 200;MOTO LINEAL;2;PARTICULAR, COMERCIAL
KTM;RC 390;MOTO LINEAL;2;PARTICULAR, COMERCIAL
KTM;ADVENTURE 390;MOTO LINEAL;2;PARTICULAR, COMERCIAL
ZONGSHEN;ZS125;MOTO LINEAL;2;PARTICULAR, COMERCIAL
ZONGSHEN;RX125;MOTO LINEAL;2;PARTICULAR, COMERCIAL
ZONGSHEN;ZS150;MOTO LINEAL;2;PARTICULAR, COMERCIAL
ZONGSHEN;RX150;MOTO LINEAL;2;PARTICULAR, COMERCIAL
ZONGSHEN;RX200;MOTO LINEAL;2;PARTICULAR, COMERCIAL
ZONGSHEN;RX250;MOTO LINEAL;2;PARTICULAR, COMERCIAL
WANXIN;WX125;MOTO LINEAL;2;PARTICULAR, COMERCIAL
WANXIN;WX150;MOTO LINEAL;2;PARTICULAR, COMERCIAL
WANXIN;WX200;MOTO LINEAL;2;PARTICULAR, COMERCIAL
WANXIN;WX250;MOTO LINEAL;2;PARTICULAR, COMERCIAL
ITALIKA;FT125;MOTO LINEAL;2;PARTICULAR, COMERCIAL
ITALIKA;FT150;MOTO LINEAL;2;PARTICULAR, COMERCIAL
ITALIKA;DM200;MOTO LINEAL;2;PARTICULAR, COMERCIAL
KATANA;125;MOTO LINEAL;2;PARTICULAR, COMERCIAL
KATANA;150;MOTO LINEAL;2;PARTICULAR, COMERCIAL
KATANA;200;MOTO LINEAL;2;PARTICULAR, COMERCIAL
SAKI;SK125;MOTO LINEAL;2;PARTICULAR, COMERCIAL
SAKI;SK150;MOTO LINEAL;2;PARTICULAR, COMERCIAL
SAKI;SK200;MOTO LINEAL;2;PARTICULAR, COMERCIAL
JIALING;JL125;MOTO LINEAL;2;PARTICULAR, COMERCIAL
JIALING;JL150;MOTO LINEAL;2;PARTICULAR, COMERCIAL
JIALING;JL200;MOTO LINEAL;2;PARTICULAR, COMERCIAL
LIFAN;LF125;MOTO LINEAL;2;PARTICULAR, COMERCIAL
LIFAN;LF150;MOTO LINEAL;2;PARTICULAR, COMERCIAL
LIFAN;LF200;MOTO LINEAL;2;PARTICULAR, COMERCIAL
LIFAN;KP200;MOTO LINEAL;2;PARTICULAR, COMERCIAL
RONCO;150;MOTO LINEAL;2;PARTICULAR, COMERCIAL
RONCO;200;MOTO LINEAL;2;PARTICULAR, COMERCIAL
RONCO;250;MOTO LINEAL;2;PARTICULAR, COMERCIAL
TVS;SPORT;MOTO LINEAL;2;PARTICULAR, COMERCIAL
TVS;APACHE;MOTO LINEAL;2;PARTICULAR, COMERCIAL
TVS;APACHE RTR 160;MOTO LINEAL;2;PARTICULAR, COMERCIAL
TVS;APACHE RTR 200;MOTO LINEAL;2;PARTICULAR, COMERCIAL
TVS;DAZZ;MOTO LINEAL;2;PARTICULAR, COMERCIAL
TVS;NEO XR;MOTO LINEAL;2;PARTICULAR, COMERCIAL
TVS;NTORQ;MOTO LINEAL;2;PARTICULAR, COMERCIAL
VENETO;URBAN;MOTO LINEAL;2;PARTICULAR, COMERCIAL
VENETO;CROSS;MOTO LINEAL;2;PARTICULAR, COMERCIAL
VENETO;TOURING;MOTO LINEAL;2;PARTICULAR, COMERCIAL
MONARK;150;MOTO LINEAL;2;PARTICULAR, COMERCIAL
MONARK;200;MOTO LINEAL;2;PARTICULAR, COMERCIAL
MONARK;250;MOTO LINEAL;2;PARTICULAR, COMERCIAL
MONTERO;150;MOTO LINEAL;2;PARTICULAR, COMERCIAL
MONTERO;200;MOTO LINEAL;2;PARTICULAR, COMERCIAL
MONTERO;250;MOTO LINEAL;2;PARTICULAR, COMERCIAL
ARTIC CAT;100;MOTO LINEAL;2;PARTICULAR, COMERCIAL
HUSQVARNA;SVARTPILEN 200;MOTO LINEAL;2;PARTICULAR, COMERCIAL
HUSQVARNA;VITPILEN 200;MOTO LINEAL;2;PARTICULAR, COMERCIAL
HUSQVARNA;SVARTPILEN 401;MOTO LINEAL;2;PARTICULAR, COMERCIAL
ROYAL ENFIELD;CLASSIC 350;MOTO LINEAL;2;PARTICULAR, COMERCIAL
ROYAL ENFIELD;METEOR 350;MOTO LINEAL;2;PARTICULAR, COMERCIAL
ROYAL ENFIELD;HIMALAYAN;MOTO LINEAL;2;PARTICULAR, COMERCIAL
ROYAL ENFIELD;HUNTER 350;MOTO LINEAL;2;PARTICULAR, COMERCIAL
ROYAL ENFIELD;INTERCEPTOR 650;MOTO LINEAL;2;PARTICULAR, COMERCIAL
ROYAL ENFIELD;CONTINENTAL GT 650;MOTO LINEAL;2;PARTICULAR, COMERCIAL
CFMOTO;150NK;MOTO LINEAL;2;PARTICULAR, COMERCIAL
CFMOTO;250NK;MOTO LINEAL;2;PARTICULAR, COMERCIAL
CFMOTO;300NK;MOTO LINEAL;2;PARTICULAR, COMERCIAL
CFMOTO;400NK;MOTO LINEAL;2;PARTICULAR, COMERCIAL
CFMOTO;450NK;MOTO LINEAL;2;PARTICULAR, COMERCIAL
CFMOTO;650NK;MOTO LINEAL;2;PARTICULAR, COMERCIAL
CFMOTO;700CL-X;MOTO LINEAL;2;PARTICULAR, COMERCIAL
CFMOTO;800MT;MOTO LINEAL;2;PARTICULAR, COMERCIAL
BENELLI;TNT 150;MOTO LINEAL;2;PARTICULAR, COMERCIAL
BENELLI;TNT 180;MOTO LINEAL;2;PARTICULAR, COMERCIAL
BENELLI;TNT 250;MOTO LINEAL;2;PARTICULAR, COMERCIAL
BENELLI;302S;MOTO LINEAL;2;PARTICULAR, COMERCIAL
BENELLI;502C;MOTO LINEAL;2;PARTICULAR, COMERCIAL
BENELLI;TRK 502;MOTO LINEAL;2;PARTICULAR, COMERCIAL
KEEWAY;RKS 125;MOTO LINEAL;2;PARTICULAR, COMERCIAL
KEEWAY;RKS 150;MOTO LINEAL;2;PARTICULAR, COMERCIAL
KEEWAY;SUPERLIGHT 200;MOTO LINEAL;2;PARTICULAR, COMERCIAL
KEEWAY;TX 200;MOTO LINEAL;2;PARTICULAR, COMERCIAL
NIU;NQI;MOTO ELÉCTRICA;2;PARTICULAR, COMERCIAL
NIU;MQI;MOTO ELÉCTRICA;2;PARTICULAR, COMERCIAL
NIU;UQI;MOTO ELÉCTRICA;2;PARTICULAR, COMERCIAL
NIU;RQI;MOTO ELÉCTRICA;2;PARTICULAR, COMERCIAL
SUPER SOCO;CUX;MOTO ELÉCTRICA;2;PARTICULAR, COMERCIAL
SUPER SOCO;TC;MOTO ELÉCTRICA;2;PARTICULAR, COMERCIAL
SUPER SOCO;TS;MOTO ELÉCTRICA;2;PARTICULAR, COMERCIAL
SUPER SOCO;CPX;MOTO ELÉCTRICA;2;PARTICULAR, COMERCIAL
SUPER SOCO;TSX;MOTO ELÉCTRICA;2;PARTICULAR, COMERCIAL
YAMAHA;EC-05;MOTO ELÉCTRICA;2;PARTICULAR, COMERCIAL
HONDA;EM1 E:;MOTO ELÉCTRICA;2;PARTICULAR, COMERCIAL
SUNRA;M7;MOTO ELÉCTRICA;2;PARTICULAR, COMERCIAL
SHINERAY;E-MOTO;MOTO ELÉCTRICA;2;PARTICULAR, COMERCIAL
VENETO;E-RIDE;MOTO ELÉCTRICA;2;PARTICULAR, COMERCIAL
VENETO;E-CITY;MOTO ELÉCTRICA;2;PARTICULAR, COMERCIAL
VOLTA;VM1;MOTO ELÉCTRICA;2;PARTICULAR, COMERCIAL
SUNRAIZ;SEI;MOTO ELÉCTRICA;2;PARTICULAR, COMERCIAL
WANXIN;WX150;TRIMOTO;3;PARTICULAR, CARGA, COMERCIAL, TAXI
WANXIN;WX200;TRIMOTO;3;PARTICULAR, CARGA, COMERCIAL, TAXI
WANXIN;CARGO 200;TRIMOTO;3;PARTICULAR, CARGA, COMERCIAL, TAXI
WANXIN;PASSENGER 200;TRIMOTO;3;PARTICULAR, CARGA, COMERCIAL, TAXI
ZONGSHEN;CARGO 200;TRIMOTO;3;PARTICULAR, CARGA, COMERCIAL, TAXI
ZONGSHEN;CARGO 250;TRIMOTO;3;PARTICULAR, CARGA, COMERCIAL, TAXI
ZONGSHEN;PASSENGER 200;TRIMOTO;3;PARTICULAR, CARGA, COMERCIAL, TAXI
BAJAJ;RE;TRIMOTO;3;PARTICULAR, CARGA, COMERCIAL, TAXI
BAJAJ;MAXIMA;TRIMOTO;3;PARTICULAR, CARGA, COMERCIAL, TAXI
BAJAJ;QUTE;TRIMOTO;3;PARTICULAR, CARGA, COMERCIAL, TAXI
TVS;KING;TRIMOTO;3;PARTICULAR, CARGA, COMERCIAL, TAXI
TVS;KARGO;TRIMOTO;3;PARTICULAR, CARGA, COMERCIAL, TAXI
LIFAN;CARGO 200;TRIMOTO;3;PARTICULAR, CARGA, COMERCIAL, TAXI
LIFAN;PASSENGER 200;TRIMOTO;3;PARTICULAR, CARGA, COMERCIAL, TAXI
JINBEI;TRICICLO CARGO;TRIMOTO;3;PARTICULAR, CARGA, COMERCIAL, TAXI
MONARK;CARGO 200;TRIMOTO;3;PARTICULAR, CARGA, COMERCIAL, TAXI
MONTERO;CARGO 200;TRIMOTO;3;PARTICULAR, CARGA, COMERCIAL, TAXI
VENETO;CARGO 200;TRIMOTO;3;PARTICULAR, CARGA, COMERCIAL, TAXI
RONCO;CARGO 200;TRIMOTO;3;PARTICULAR, CARGA, COMERCIAL, TAXI
YAMAHA;RAPTOR 350;CUATRIMOTO;2;PARTICULAR, COMERCIAL
YAMAHA;RAPTOR 700;CUATRIMOTO;2;PARTICULAR, COMERCIAL
YAMAHA;GRIZZLY 350;CUATRIMOTO;2;PARTICULAR, COMERCIAL
YAMAHA;GRIZZLY 700;CUATRIMOTO;2;PARTICULAR, COMERCIAL
YAMAHA;KODIAK 450;CUATRIMOTO;2;PARTICULAR, COMERCIAL
HONDA;TRX250;CUATRIMOTO;2;PARTICULAR, COMERCIAL
HONDA;TRX420;CUATRIMOTO;2;PARTICULAR, COMERCIAL
HONDA;TRX500;CUATRIMOTO;2;PARTICULAR, COMERCIAL
SUZUKI;KINGQUAD 500;CUATRIMOTO;2;PARTICULAR, COMERCIAL
SUZUKI;KINGQUAD 750;CUATRIMOTO;2;PARTICULAR, COMERCIAL
CFMOTO;CFORCE 400;CUATRIMOTO;2;PARTICULAR, COMERCIAL
CFMOTO;CFORCE 600;CUATRIMOTO;2;PARTICULAR, COMERCIAL
CFMOTO;CFORCE 850;CUATRIMOTO;2;PARTICULAR, COMERCIAL
KYMCO;MXU 250;CUATRIMOTO;2;PARTICULAR, COMERCIAL
KYMCO;MXU 450;CUATRIMOTO;2;PARTICULAR, COMERCIAL
POLARIS;SPORTSMAN 570;CUATRIMOTO;2;PARTICULAR, COMERCIAL
POLARIS;SPORTSMAN 850;CUATRIMOTO;2;PARTICULAR, COMERCIAL
KAWASAKI;BRUTE FORCE 300;CUATRIMOTO;2;PARTICULAR, COMERCIAL
KAWASAKI;BRUTE FORCE 750;CUATRIMOTO;2;PARTICULAR, COMERCIAL
